record_id,old_page_title,old_page_heading,old_url,old_canonical_url,http_status,content_presence,proposed_entity_type,proposed_district,proposed_district_slug,proposed_destination,proposed_destination_slug,proposed_canonical_name,proposed_slug,proposed_public_path,hierarchy_evidence,existing_matching_entity,existing_match_source,collision_action,collision_notes,interest_slugs,short_summary,main_description_about,address,opening_hours,entry_fee,recommended_duration,best_time_to_visit,getting_there,railway_information,airport_information,faqs_json,raw_faq_count,unique_faq_count,other_structured_information_json,source_reference_information_json,potentially_volatile,volatile_fields,verification_status,observed_on,migration_notes,mapping_confidence,review_status
C001,Maharashtra Tourist Places | Best Travel Attractions,See the best attractions of Maharashtra.,https://maharashtratouristplaces.in/,https://maharashtratouristplaces.in/,200,CONTENT,OTHER / REVIEW REQUIRED,,,,,,,/destinations,,,,SKIP,,,,,,,,,,,,,[],0,0,"{""sections"":{""SEE THE BEST ATTRACTIONS OF MAHARASHTRA."":[""See the best attractions of Maharashtra and explore them in your own style. Check the updates below."",""VERUL VILLAGE"",""Trimbakeshwar"",""DAULATABAD VILLAGE""],""CHOOSE YOUR VISITING LOCATIONS"":[""VERUL VILLAGE"",""Trimbakeshwar"",""KHULDABAD"",""Nagpur"",""DAULATABAD VILLAGE"",""Umred""],""WELCOME TO MAHARASHTRA TOURIST PLACES"":[""Maharashtra is a state of India which has beautiful travel destinations to visit. All cities of Maharashtra are listed on the website, and each city has many tourist attractions where you can easily find & make a plan to reach there.""],""WHAT YOU CAN SEE IN MAHARASHTRA"":[""There are lots of spots to visit and travel, like Forts, Beaches, Temples, waterfalls, Hill station, Caves, wildlife sanctuaries and many more hidden gems & you can also know about the rich culture, heritage, natural beauty of Maharashtra. Find your point on Maharashtra Tourist places and go there for traveling by making the proper plans. I hope you will enjoy our website content and get whatever you need. You can know About us""]},""meta_description"":""Find your best traveling spots in our Maharashtra Tourist Places site, and explore the travel destinations."",""source_content_evidence"":""evidence/old-site-pages.json: https://maharashtratouristplaces.in/""}","{""old_site_source"":""https://maharashtratouristplaces.in/"",""external_links"":[],""authority_verification"":""NOT_PERFORMED""}",NO_STRUCTURED_CLAIMS_CAPTURED,,OLD_SITE_UNVERIFIED,2026-10-03,"Old homepage is a discovery index. Do not import as a Place, Destination or Story.",NOT_APPLICABLE,SKIP
C002,About - Maharashtra Tourist Places,ABOUT US,https://maharashtratouristplaces.in/about/,https://maharashtratouristplaces.in/about/,200,CONTENT,OTHER / REVIEW REQUIRED,,,,,,,,,,,SKIP,,,,,,,,,,,,,[],0,0,"{""sections"":{""ABOUT US"":[""Our site is all about the tourist places which helps to find the best location for traveling in Maharashtra India. Our purpose to provide the information about the spots and to make travel easy for solo travelers whether you are family or groups of friends.""],""WHO WE ARE"":[""We are a team, like to travel and also like to know about the tourist attractions of Maharashtra.""],""WHY WE MADE IT:"":[""For places Information, so that you could know and easily travel there."",""(You can ask for your trusted local business sites to add here which can be helpful for travelers)""]},""meta_description"":""Our site is all about the tourist places which helps to find the best location for traveling in Maharashtra India."",""source_content_evidence"":""evidence/old-site-pages.json: https://maharashtratouristplaces.in/about/""}","{""old_site_source"":""https://maharashtratouristplaces.in/about/"",""external_links"":[],""authority_verification"":""NOT_PERFORMED""}",NO_STRUCTURED_CLAIMS_CAPTURED,,OLD_SITE_UNVERIFIED,2026-10-03,Utility/about/legal/contact page. Separate editorial/legal review if ever needed; no tourism entity or policy replacement proposed.,NOT_APPLICABLE,SKIP
C003,All Updates - Maharashtra Tourist Places,All UPDATES,https://maharashtratouristplaces.in/all-updates/,https://maharashtratouristplaces.in/all-updates/,200,CONTENT,OTHER / REVIEW REQUIRED,,,,,,,/destinations,,,,SKIP,,,"Existing category/discovery listing, not a new entity.",,,,,,,,,,"[{""question"":""What are tourist place updates?"",""answer"":""Tourist place updates provide the latest information about attractions, activities, travel regulations, and destination news.""},{""question"":""Why are travel updates important?"",""answer"":""They help travelers make informed decisions and avoid disruptions during their trips.""},{""question"":""How frequently is the information updated?"",""answer"":""Content is updated whenever new tourism announcements or destination changes become available.""},{""question"":""How do I stay informed about new tourist attractions?"",""answer"":""Follow our updates page regularly for newly opened attractions and tourism developments.""}]",4,4,"{""sections"":{""ALL UPDATES"":[""The All Updates page provides the latest travel news, newly added Tourist places of Maharashtra , and important announcements about destinations across Maharashtra. It helps visitors stay informed with fresh updates, featured attractions, and recent changes to plan their trips easily."",""VERUL VILLAGE"",""CHHATRAPATI SAMBHAJI NAGAR"",""DAULATABAD VILLAGE"",""KHULDABAD"",""Trimbakeshwar"",""Nagpur"",""Umred""],""FAQ"":[""What are tourist place updates?"",""Tourist place updates provide the latest information about attractions, activities, travel regulations, and destination news."",""Why are travel updates important?"",""They help travelers make informed decisions and avoid disruptions during their trips."",""How frequently is the information updated?"",""Content is updated whenever new tourism announcements or destination changes become available."",""How do I stay informed about new tourist attractions?"",""Follow our updates page regularly for newly opened attractions and tourism developments.""]},""meta_description"":""Stay updated with all tourist place news, destination updates, and travel information."",""source_content_evidence"":""evidence/old-site-pages.json: https://maharashtratouristplaces.in/all-updates/""}","{""old_site_source"":""https://maharashtratouristplaces.in/all-updates/"",""external_links"":[],""authority_verification"":""NOT_PERFORMED""}",NO_STRUCTURED_CLAIMS_CAPTURED,,OLD_SITE_UNVERIFIED,2026-10-03,Reuse canonical Interest route or destination directory. Preserve relevant attraction links in inventory; generic listing FAQs need editorial review and do not become a new Story or taxonomy.,NOT_APPLICABLE,SKIP
C004,Amravati - Maharashtra Tourist Places,,https://maharashtratouristplaces.in/amravati/,https://maharashtratouristplaces.in/amravati/,200,EMPTY_PLACEHOLDER,OTHER / REVIEW REQUIRED,Amravati,amravati,,,Amravati,,,,Amravati,backend/app/data/maharashtra.py,SKIP,,,,,,,,,,,,,[],0,0,"{""sections"":{},""meta_description"":""Explore top attractions and beautiful tourist places in Amravati for a memorable travel experience."",""source_content_evidence"":""evidence/old-site-pages.json: https://maharashtratouristplaces.in/amravati/""}","{""old_site_source"":""https://maharashtratouristplaces.in/amravati/"",""external_links"":[],""authority_verification"":""NOT_PERFORMED""}",NO_STRUCTURED_CLAIMS_CAPTURED,,OLD_SITE_UNVERIFIED,2026-10-03,Empty old placeholder. Reuse existing District if future content is supplied; no entity/content import proposed.,NOT_APPLICABLE,EMPTY_PLACEHOLDER
C005,Bhandara - Maharashtra Tourist Places,,https://maharashtratouristplaces.in/bhandara/,https://maharashtratouristplaces.in/bhandara/,200,EMPTY_PLACEHOLDER,OTHER / REVIEW REQUIRED,Bhandara,bhandara,,,Bhandara,,,,Bhandara,backend/app/data/maharashtra.py,SKIP,,,,,,,,,,,,,[],0,0,"{""sections"":{},""meta_description"":""Visit Bhandara for scenic lakes, historic temples, and peaceful nature escapes."",""source_content_evidence"":""evidence/old-site-pages.json: https://maharashtratouristplaces.in/bhandara/""}","{""old_site_source"":""https://maharashtratouristplaces.in/bhandara/"",""external_links"":[],""authority_verification"":""NOT_PERFORMED""}",NO_STRUCTURED_CLAIMS_CAPTURED,,OLD_SITE_UNVERIFIED,2026-10-03,Empty old placeholder. Reuse existing District if future content is supplied; no entity/content import proposed.,NOT_APPLICABLE,EMPTY_PLACEHOLDER
C006,Caves - Maharashtra Tourist Places,CAVES,https://maharashtratouristplaces.in/caves/,https://maharashtratouristplaces.in/caves/,200,CONTENT,OTHER / REVIEW REQUIRED,,,,,,,/explore/ancient-caves,,,,SKIP,,ancient-caves,"Existing category/discovery listing, not a new entity.",,,,,,,,,,"[{""question"":""What information is available on this Caves page?"",""answer"":""This page provides information about famous caves in Maharashtra, including their locations, historical significance, architectural features, and visitor details.""},{""question"":""How can I find a cave on this page?"",""answer"":""You can browse the list of caves featured on this page and select a cave to view detailed information, travel tips, and attractions.""},{""question"":""Does this page includes caves from all regions of Maharashtra?"",""answer"":""Yes, this page features caves from various regions of Maharashtra, helping visitors discover popular and lesser-known cave destinations across the state.""},{""question"":""Can I access detailed information about each cave?"",""answer"":""Yes, each cave is  listed on this page links to a dedicated page with detailed information, history, location, timings, and travel guidance.""},{""question"":""Is this page useful for planning a cave tour in Maharashtra?"",""answer"":""Yes, this page serves as a useful guide for travelers looking to explore multiple cave attractions and plan a cave tourism itinerary in Maharashtra.""},{""question"":""Are cave images available on this page?"",""answer"":""Yes, images of the featured caves may be available to help visitors explore their architecture, surroundings, and historical features before visiting.""},{""question"":""Is the cave information regularly updated?"",""answer"":""The page is regularly reviewed and updated to provide accurate and relevant information about caves and tourist attractions in Maharashtra.""},{""question"":""Does this page include ancient and historical caves?"",""answer"":""Yes, this page includes ancient and historically significant caves known for their archaeological, religious, and cultural importance.""},{""question"":""Are UNESCO World Heritage caves included on this page?"",""answer"":""Yes, this page features renowned UNESCO World Heritage cave sites in Maharashtra, along with other important cave attractions.""},{""question"":""Can I discover caves near my destination through this page?"",""answer"":""Yes, visitors can explore caves located in different districts and regions of Maharashtra to find attractions near their travel destination.""}]",10,10,"{""sections"":{""CAVES"":[""The caves are listed of Maharashtra to Visit here, And keep checking the page more new updates."",""VERUL VILLAGE""],""FAQ"":[""What information is available on this Caves page?"",""This page provides information about famous caves in Maharashtra, including their locations, historical significance, architectural features, and visitor details."",""How can I find a cave on this page?"",""You can browse the list of caves featured on this page and select a cave to view detailed information, travel tips, and attractions."",""Does this page includes caves from all regions of Maharashtra?"",""Yes, this page features caves from various regions of Maharashtra, helping visitors discover popular and lesser-known cave destinations across the state."",""Can I access detailed information about each cave?"",""Yes, each cave is  listed on this page links to a dedicated page with detailed information, history, location, timings, and travel guidance."",""Is this page useful for planning a cave tour in Maharashtra?"",""Yes, this page serves as a useful guide for travelers looking to explore multiple cave attractions and plan a cave tourism itinerary in Maharashtra."",""Are cave images available on this page?"",""Yes, images of the featured caves may be available to help visitors explore their architecture, surroundings, and historical features before visiting."",""Is the cave information regularly updated?"",""The page is regularly reviewed and updated to provide accurate and relevant information about caves and tourist attractions in Maharashtra."",""Does this page include ancient and historical caves?"",""Yes, this page includes ancient and historically significant caves known for their archaeological, religious, and cultural importance."",""Are UNESCO World Heritage caves included on this page?"",""Yes, this page features renowned UNESCO World Heritage cave sites in Maharashtra, along with other important cave attractions."",""Can I discover caves near my destination through this page?"",""Yes, visitors can explore caves located in different districts and regions of Maharashtra to find attractions near their travel destination.""]},""meta_description"":""All the caves are listed here in this page of Maharashtra. keep checking upcoming new caves updates."",""source_content_evidence"":""evidence/old-site-pages.json: https://maharashtratouristplaces.in/caves/""}","{""old_site_source"":""https://maharashtratouristplaces.in/caves/"",""external_links"":[],""authority_verification"":""NOT_PERFORMED""}",NO_STRUCTURED_CLAIMS_CAPTURED,,OLD_SITE_UNVERIFIED,2026-10-03,Reuse canonical Interest route or destination directory. Preserve relevant attraction links in inventory; generic listing FAQs need editorial review and do not become a new Story or taxonomy.,NOT_APPLICABLE,SKIP
C007,Chandrapur - Maharashtra Tourist Places,,https://maharashtratouristplaces.in/chandrapur/,https://maharashtratouristplaces.in/chandrapur/,200,EMPTY_PLACEHOLDER,OTHER / REVIEW REQUIRED,Chandrapur,chandrapur,,,Chandrapur,,,,Chandrapur,backend/app/data/maharashtra.py,SKIP,,,,,,,,,,,,,[],0,0,"{""sections"":{},""meta_description"":""Visit Chandrapur for thrilling tiger safaris, heritage sites, beautiful lakes, and unforgettable nature adventures."",""source_content_evidence"":""evidence/old-site-pages.json: https://maharashtratouristplaces.in/chandrapur/""}","{""old_site_source"":""https://maharashtratouristplaces.in/chandrapur/"",""external_links"":[],""authority_verification"":""NOT_PERFORMED""}",NO_STRUCTURED_CLAIMS_CAPTURED,,OLD_SITE_UNVERIFIED,2026-10-03,Empty old placeholder. Reuse existing District if future content is supplied; no entity/content import proposed.,NOT_APPLICABLE,EMPTY_PLACEHOLDER
C008,Chhatrapati Sambhaji Nagar Tourist Places ( Aurangabad ) - Maharashtra Tourist Places,Chhatrapati Sambhaji Nagar TOURIST POINT,https://maharashtratouristplaces.in/chhatrapati-sambhaji-nagar/,https://maharashtratouristplaces.in/chhatrapati-sambhaji-nagar/,200,CONTENT,DISTRICT,Chhatrapati Sambhajinagar,chhatrapati-sambhajinagar,,,Chhatrapati Sambhajinagar,chhatrapati-sambhajinagar,/destinations/chhatrapati-sambhajinagar,Old district listing and canonical district registry.,Chhatrapati Sambhajinagar,backend/app/data/maharashtra.py; local public API,ENRICH_EXISTING,,,,,,,,,,,,,[],0,0,"{""sections"":{""CHHATRAPATI SAMBHAJI NAGAR TOURIST POINT"":[""Visit Chhatrapati Sambhaji Nagar – a city full of history, culture, and beautiful places to explore.""]},""meta_description"":""Chhatrapati Sambhaji Nagar is a city with many places worth visiting, including some villages and tourist spots .look below in the page."",""source_content_evidence"":""evidence/old-site-pages.json: https://maharashtratouristplaces.in/chhatrapati-sambhaji-nagar/""}","{""old_site_source"":""https://maharashtratouristplaces.in/chhatrapati-sambhaji-nagar/"",""external_links"":[],""authority_verification"":""NOT_PERFORMED""}",NO_STRUCTURED_CLAIMS_CAPTURED,,OLD_SITE_UNVERIFIED,2026-10-03,Reuse canonical District. This inventory does not authorize edits to District records. Do not create duplicate district or city Destination.,HIGH,REVIEW_REQUIRED
C009,Bibi Ka Maqbara | Mini Taj Mahal of Deccan - Maharashtra Tourist Places,BIBI KA MAQBARA​,https://maharashtratouristplaces.in/chhatrapati-sambhaji-nagar/bibi-ka-maqbara/,https://maharashtratouristplaces.in/chhatrapati-sambhaji-nagar/bibi-ka-maqbara/,200,CONTENT,PLACE,Chhatrapati Sambhajinagar,chhatrapati-sambhajinagar,,,Bibi Ka Maqbara,bibi-ka-maqbara,/places/chhatrapati-sambhajinagar/bibi-ka-maqbara,"Old page location text + nested listing/URL. Evidence is proposed geography, not independently verified coordinates.",,,CREATE,"No match among 49 curated Places, 10 Stories, or local public catalogue. Check unpublished/Admin and production records before CREATE.",history-architecture,Mausoleum attraction described in Chhatrapati Sambhajinagar.,"Bibi Ka Maqbara is the historical place which is established in
Chhatrapati Sambhaji Nagar
, (Aurangabad) Maharashtra state. It is a tomb of Aurangzeb’s first wife ‘Dilras Banu Begum,’ was built by Aurangzeb’s son Azam shah in the year 1668 (nearly 357 years ago) in the memory of his mother & and it is quite similar to the’ Great Taj Mahal’ & known as’ Taj of Deccan or Mini Taj Mahal’.","Begumpura, chatraparti sambhaji Nagar ( Aurangabad) , Maharashtra 431004, India",Open daily from 8:00 AM to 8:00 PM,"Indian Citizens: 25 Rs/- per person
Foreign Tourists: 300 Rs/- per person","How much time is needed to explore it? Typically, visitors spend 1 to 2 hours exploring the monument and its gardens.",,"How to reach Bibi Ka Maqbara? Go to the Chhatrapati Sambhaji Nagar. (Aurangabad) Maharashtra, by Train, by Air, By bus, Private car or Taxi. By Train: Direct Trains are available from Mumbai, Pune, Nashik & Nagpur to reach in Chhatrapati Sambhaji Nagar. (Aurangabad). (you can also check the Train availability from your Near railway station.) Taxi & Auto- rickshaw, buses are Available from outside of Aurangabad Railway station By Air: You can also go By Flight, there is an (Aurangabad Chikkalthana Airport) In Chhatrapati Sambhaji Nagar. There are taxis and Auto-rickshaw available from outside of Airport to reach the BIBI KA MAQBARA By Road: you can directly visit by your own car, or private taxi.","How to reach Bibi Ka Maqbara? Go to the Chhatrapati Sambhaji Nagar. (Aurangabad) Maharashtra, by Train, by Air, By bus, Private car or Taxi. By Train: Direct Trains are available from Mumbai, Pune, Nashik & Nagpur to reach in Chhatrapati Sambhaji Nagar. (Aurangabad). (you can also check the Train availability from your Near railway station.) Taxi & Auto- rickshaw, buses are Available from outside of Aurangabad Railway station By Air: You can also go By Flight, there is an (Aurangabad Chikkalthana Airport) In Chhatrapati Sambhaji Nagar. There are taxis and Auto-rickshaw available from outside of Airport to reach the BIBI KA MAQBARA By Road: you can directly visit by your own car, or private taxi.
How far is Bibi ka Maqbara from railway station & Airport? 6 KM from Railway station & 13 KM away from Aurangabad Airport","How to reach Bibi Ka Maqbara? Go to the Chhatrapati Sambhaji Nagar. (Aurangabad) Maharashtra, by Train, by Air, By bus, Private car or Taxi. By Train: Direct Trains are available from Mumbai, Pune, Nashik & Nagpur to reach in Chhatrapati Sambhaji Nagar. (Aurangabad). (you can also check the Train availability from your Near railway station.) Taxi & Auto- rickshaw, buses are Available from outside of Aurangabad Railway station By Air: You can also go By Flight, there is an (Aurangabad Chikkalthana Airport) In Chhatrapati Sambhaji Nagar. There are taxis and Auto-rickshaw available from outside of Airport to reach the BIBI KA MAQBARA By Road: you can directly visit by your own car, or private taxi.
How far is Bibi ka Maqbara from railway station & Airport? 6 KM from Railway station & 13 KM away from Aurangabad Airport","[{""question"":""How to reach Bibi Ka Maqbara?"",""answer"":""Go to the Chhatrapati Sambhaji Nagar. (Aurangabad) Maharashtra, by Train, by Air, By bus, Private car or Taxi. By Train: Direct Trains are available from Mumbai, Pune, Nashik & Nagpur to reach in Chhatrapati Sambhaji Nagar. (Aurangabad). (you can also check the Train availability from your Near railway station.) Taxi & Auto- rickshaw, buses are Available from outside of Aurangabad Railway station By Air: You can also go By Flight, there is an (Aurangabad Chikkalthana Airport) In Chhatrapati Sambhaji Nagar. There are taxis and Auto-rickshaw available from outside of Airport to reach the BIBI KA MAQBARA By Road: you can directly visit by your own car, or private taxi.""},{""question"":""How far is Bibi ka Maqbara from railway station & Airport?"",""answer"":""6 KM from Railway station & 13 KM away from Aurangabad Airport""},{""question"":""Is there an entry fee to visit Bibi Ka Maqbara?"",""answer"":""Yes, there is an entry fee.""},{""question"":""Can i take photographs inside Bibi Ka Maqbara?"",""answer"":""Yes, photography is allowed for personal use. Drone may be restricted.""},{""question"":""How much time is needed to explore it?"",""answer"":""Typically, visitors spend 1 to 2 hours exploring the monument and its gardens.""},{""question"":""Are there hotels nearby?"",""answer"":""Yes""}]",6,6,"{""sections"":{""BIBI KA MAQBARA"":[""Bibi Ka Maqbara is located at Begumpura in Chhatrapati Sambhaji Nagar ( Aurangabad) Maharashtra""],""TIMINGS"":[""Open daily from 8:00 AM to 8:00 PM""],""ENTRY TICKET FEES"":[""Indian Citizens: 25 Rs/- per person"",""Foreign Tourists: 300 Rs/- per person""],""ADDRESS"":[""Begumpura, chatraparti sambhaji Nagar ( Aurangabad) , Maharashtra 431004, India""],""FAQ"":[""How to reach Bibi Ka Maqbara?"",""Go to the Chhatrapati Sambhaji Nagar. (Aurangabad) Maharashtra, by Train, by Air, By bus, Private car or Taxi."",""By Train: Direct Trains are available from Mumbai, Pune, Nashik & Nagpur to reach in Chhatrapati Sambhaji Nagar. (Aurangabad). (you can also check the Train availability from your Near railway station.)"",""Taxi & Auto- rickshaw, buses are Available from outside of Aurangabad Railway station"",""There are taxis and Auto-rickshaw available from outside of Airport to reach the BIBI KA MAQBARA"",""How far is Bibi ka Maqbara from railway station & Airport?"",""6 KM from Railway station & 13 KM away from Aurangabad Airport"",""Is there an entry fee to visit Bibi Ka Maqbara?"",""Yes, there is an entry fee."",""Can i take photographs inside Bibi Ka Maqbara?"",""Yes, photography is allowed for personal use. Drone may be restricted."",""How much time is needed to explore it?"",""Typically, visitors spend 1 to 2 hours exploring the monument and its gardens."",""Are there hotels nearby?"",""Yes""]},""meta_description"":""Bibi Ka Maqbara is a Mini Taj Mahal of the Deccan, located in Chhatrapati Sambhaji Nagar (Aurangabad), Maharashtra."",""source_content_evidence"":""evidence/old-site-pages.json: https://maharashtratouristplaces.in/chhatrapati-sambhaji-nagar/bibi-ka-maqbara/""}","{""old_site_source"":""https://maharashtratouristplaces.in/chhatrapati-sambhaji-nagar/bibi-ka-maqbara/"",""external_links"":[],""authority_verification"":""NOT_PERFORMED""}",YES,address;opening_hours;entry_fee;recommended_duration;getting_there;railway_information;airport_information;access_rules_and_safety;review_counts_and_ratings;faq_operational_claims,OLD_SITE_UNVERIFIED,2026-10-03,"District-level city attraction. Verify historical authorship and patronage instead of transferring old copy as fact. Inventory only. Blank fields mean not captured from this page, not verified absence. No import authorized.",HIGH_DISTRICT;DISTRICT_LEVEL,REVIEW_REQUIRED
C010,Places to visit in Daulatabad Village- Maharashtra Tourist Places,DAULATABAD,https://maharashtratouristplaces.in/chhatrapati-sambhaji-nagar/daulatabad-village/,https://maharashtratouristplaces.in/chhatrapati-sambhaji-nagar/daulatabad-village/,200,CONTENT,DESTINATION,Chhatrapati Sambhajinagar,chhatrapati-sambhajinagar,Daulatabad,daulatabad,Daulatabad,daulatabad,/destinations/chhatrapati-sambhajinagar/daulatabad,Village overview with explicit district and linked fort.,,,CREATE,No published Destination in local API across all 36 districts. Production/unpublished Admin collision check remains required.,,"Daulatabad is a small village, near Chhatrapati Sambhaji Nagar which has famous places to visit, like fort etc more. see the spots below.","DAULATABAD
Daulatabad is a small village in
Chhatrapati Sambhaji Nagar
( Aurangabad)  here are the best sites for visiting look below.
Daulatabad Fort",,,,,,,,,[],0,0,"{""sections"":{""DAULATABAD"":[""Daulatabad is a small village in Chhatrapati Sambhaji Nagar ( Aurangabad)  here are the best sites for visiting look below.""]},""meta_description"":""Daulatabad is a small village, near Chhatrapati Sambhaji Nagar which has famous places to visit, like fort etc more. see the spots below."",""source_content_evidence"":""evidence/old-site-pages.json: https://maharashtratouristplaces.in/chhatrapati-sambhaji-nagar/daulatabad-village/""}","{""old_site_source"":""https://maharashtratouristplaces.in/chhatrapati-sambhaji-nagar/daulatabad-village/"",""external_links"":[],""authority_verification"":""NOT_PERFORMED""}",REVIEW_MARKETING_AND_ACCESS_CLAIMS,metadata_claims,OLD_SITE_UNVERIFIED,2026-10-03,"Village overview with explicit district and linked fort. Inventory only. Blank fields mean not captured from this page, not verified absence. No import authorized.",PROPOSED;OWNER_SCOPE_REVIEW,REVIEW_REQUIRED
C011,Daulatabad Fort - Maharashtra Tourist Places,DAULATABAD FORT,https://maharashtratouristplaces.in/chhatrapati-sambhaji-nagar/daulatabad-village/daulatabad-fort/,https://maharashtratouristplaces.in/chhatrapati-sambhaji-nagar/daulatabad-village/daulatabad-fort/,200,CONTENT,PLACE,Chhatrapati Sambhajinagar,chhatrapati-sambhajinagar,Daulatabad,daulatabad,Devgiri-Daulatabad Fort,devgiri-daulatabad-fort,/places/chhatrapati-sambhajinagar/devgiri-daulatabad-fort,"Old page location text + nested listing/URL. Evidence is proposed geography, not independently verified coordinates.",Devgiri-Daulatabad Fort,backend/app/data/places/forts.py; repository dataset + local public API,ENRICH_EXISTING,Existing canonical identity. Field-level additive enrichment requires Admin ownership/version review; preserve curated content and slug.,forts-heritage;history-architecture,"Fort complex at Daulatabad, also named Devgiri in the old page.","DAULATABAD FORT is a historical place which is also known as (Devgiri fort). It was built on a 200 meter high conical hill in the 12th century by King Yadava Bhillama V, and was named the Devgiri. The fort was renamed Daulatabad by Mohammed Tughlaq in the 14th century, according to historians. It is situated at Daulatabad in Chhatrapati Sambhaji Nagar (Aurangabad), Maharashtra. The fort is very close to Ellora caves at 11 KM distance and from Shree Bhadra Maruti Temple at 13 KM. Daulatabad fort has been the capital of many dynasties, as the first capital of Yadava and, briefly, for the Delhi Sultanate. It has a scenic view and rich history. It is an attractive tourist destination with a rating of 4.5 & 21,000+ reviews.","MH SH 22, Daulatabad, Maharashtra, 431002.",Open daily from 9.00 AM to 6:00 PM,"Indian Citizens: ₹20 per person
Foreign Tourists: ₹250 per person",,,How to reach Daulatabad fort? It is 16 KM away from Aurangabad Railway Station & 23 KM from Airport. You can take a taxi or Auto rickshaw from outside of Railway station or Airport to reach there.,How to reach Daulatabad fort? It is 16 KM away from Aurangabad Railway Station & 23 KM from Airport. You can take a taxi or Auto rickshaw from outside of Railway station or Airport to reach there.,How to reach Daulatabad fort? It is 16 KM away from Aurangabad Railway Station & 23 KM from Airport. You can take a taxi or Auto rickshaw from outside of Railway station or Airport to reach there.,"[{""question"":""How to reach Daulatabad fort?"",""answer"":""It is 16 KM away from Aurangabad Railway Station & 23 KM from Airport. You can take a taxi or Auto rickshaw from outside of Railway station or Airport to reach there.""},{""question"":""Daulatabad fort Distance from CIDCO Bus Stand?"",""answer"":""20 KM away from CIDCO Bus Stand""},{""question"":""What is the Guide charge of Daulatabad fort?"",""answer"":""2050 Rs/- for 1 to 5 persons 2500 Rs/- for 6 to 14 persons 3350 Rs/- for 15 to 40 persons""},{""question"":""Can we fly the drone in Daulatabad fort?"",""answer"":""May be not permitted to fly there.""},{""question"":""Useful tips"",""answer"":""Carry the water bottle with some food snacks.""}]",5,5,"{""sections"":{""DAULATABAD FORT"":[""Daulatabad fort is located at Daulatabad village in Chhatrapati Sambhaji Nagar ( Aurangabad ), Maharashtra""],""ABOUT"":[""DAULATABAD FORT is a historical place which is also known as (Devgiri fort). It was built on a 200 meter high conical hill in the 12th century by King Yadava Bhillama V, and was named the Devgiri. The fort was renamed Daulatabad by Mohammed Tughlaq in the 14th century, according to historians. It is situated at Daulatabad in Chhatrapati Sambhaji Nagar (Aurangabad), Maharashtra. The fort is very close to Ellora caves at 11 KM distance and from Shree Bhadra Maruti Temple at 13 KM. Daulatabad fort has been the capital of many dynasties, as the first capital of Yadava and, briefly, for the Delhi Sultanate. It has a scenic view and rich history. It is an attractive tourist destination with a rating of 4.5 & 21,000+ reviews.""],""ADDRESS"":[""MH SH 22, Daulatabad, Maharashtra, 431002.""],""ENTRY TICKET FEES"":[""Indian Citizens: ₹20 per person"",""Foreign Tourists: ₹250 per person""],""TIMINGS"":[""Open daily from 9.00 AM to 6:00 PM""],""FAQ"":[""How to reach Daulatabad fort?"",""It is 16 KM away from Aurangabad Railway Station & 23 KM from Airport. You can take a taxi or Auto rickshaw from outside of Railway station or Airport to reach there."",""Daulatabad fort Distance from CIDCO Bus Stand?"",""20 KM away from CIDCO Bus Stand"",""What is the Guide charge of Daulatabad fort?"",""2050 Rs/- for 1 to 5 persons"",""2500 Rs/- for 6 to 14 persons"",""3350 Rs/- for 15 to 40 persons"",""Can we fly the drone in Daulatabad fort?"",""May be not permitted to fly there."",""Useful tips"",""Carry the water bottle with some food snacks.""]},""meta_description"":""Daulatabad fort ( Devgiri fort ) is situated at Dautabad village in Chhatrapati Sambhaji Nagar of Maharashtra."",""source_content_evidence"":""evidence/old-site-pages.json: https://maharashtratouristplaces.in/chhatrapati-sambhaji-nagar/daulatabad-village/daulatabad-fort/""}","{""old_site_source"":""https://maharashtratouristplaces.in/chhatrapati-sambhaji-nagar/daulatabad-village/daulatabad-fort/"",""external_links"":[],""authority_verification"":""NOT_PERFORMED""}",YES,address;opening_hours;entry_fee;getting_there;railway_information;airport_information;access_rules_and_safety;review_counts_and_ratings;faq_operational_claims,OLD_SITE_UNVERIFIED,2026-10-03,"Definite naming alias of curated fort; preserve existing slug and copy. Do not automatically attach existing district-only Place to a new Destination. Inventory only. Blank fields mean not captured from this page, not verified absence. No import authorized.",HIGH_DISTRICT;PROPOSED_DESTINATION,REVIEW_REQUIRED
C012,Places to visit in Khuldabad - Maharashtra Tourist Places,Khuldabad,https://maharashtratouristplaces.in/chhatrapati-sambhaji-nagar/khuldabad/,https://maharashtratouristplaces.in/khuldabad/,200,CONTENT,DESTINATION,Chhatrapati Sambhajinagar,chhatrapati-sambhajinagar,Khuldabad,khuldabad,Khuldabad,khuldabad,/destinations/chhatrapati-sambhajinagar/khuldabad,Old tehsil listing links Bhadra Maruti. Confirm intended Destination scope.,,,CREATE,No published Destination in local API across all 36 districts. Production/unpublished Admin collision check remains required.,,"Places to visit in Khuldabad, it is a Tehsil in Chhatrapati Sambhaji Nagar (Aurangabad).","Khuldabad
Places to visit Khuldabad , it is a Tehasil in
Chhatrapati Sambhaji Nagar (Aurangabad)
Shree Bhadra Maruti Mandir",,,,,,,,,[],0,0,"{""sections"":{""KHULDABAD"":[""Places to visit Khuldabad , it is a Tehasil in Chhatrapati Sambhaji Nagar (Aurangabad)""]},""meta_description"":""Places to visit in Khuldabad, it is a Tehsil in Chhatrapati Sambhaji Nagar (Aurangabad)."",""source_content_evidence"":""evidence/old-site-pages.json: https://maharashtratouristplaces.in/chhatrapati-sambhaji-nagar/khuldabad/""}","{""old_site_source"":""https://maharashtratouristplaces.in/chhatrapati-sambhaji-nagar/khuldabad/"",""external_links"":[],""authority_verification"":""NOT_PERFORMED""}",REVIEW_MARKETING_AND_ACCESS_CLAIMS,metadata_claims,OLD_SITE_UNVERIFIED,2026-10-03,"Old tehsil listing links Bhadra Maruti. Confirm intended Destination scope. Inventory only. Blank fields mean not captured from this page, not verified absence. No import authorized.",PROPOSED;OWNER_SCOPE_REVIEW,REVIEW_REQUIRED
C013,"Shree Bhadra Maruti Mandir, Khuldabad - Maharashtra Tourist Places",Shree Bhadra Maruti Temple,https://maharashtratouristplaces.in/chhatrapati-sambhaji-nagar/khuldabad/shree-bhadra-maruti-mandir/,https://maharashtratouristplaces.in/chhatrapati-sambhaji-nagar/khuldabad/shree-bhadra-maruti-mandir/,200,CONTENT,PLACE,Chhatrapati Sambhajinagar,chhatrapati-sambhajinagar,Khuldabad,khuldabad,Shree Bhadra Maruti Temple,shree-bhadra-maruti-temple,/places/chhatrapati-sambhajinagar/shree-bhadra-maruti-temple,"Old page location text + nested listing/URL. Evidence is proposed geography, not independently verified coordinates.",,,CREATE,"No match among 49 curated Places, 10 Stories, or local public catalogue. Check unpublished/Admin and production records before CREATE.",sacred-spiritual,Hanuman temple described at Khuldabad.,"Shree Bhadra Maruti Mandir is the oldest temple dedicated to Lord Hanuman ji where Lord Hanuman Ji is in a sleeping position. It is located at Khuldabad in Chhatrapati Sambhaji Nagar (Aurangabad), Maharashtra.
The temple was found to have existed since the Ramayana period, and the old name of this temple used to be known as ‘Bhadravathi.’ The King of Bhadravathi used to be Bhadrasen, who was the Devotee of Lord Ram. Once the king of this place was singing hymns. While hearing the hymns, The Lord Hanumanji came to this place, and listening to the sweet hymns went in a sleeping posture. Seeing like this King Bhadra Sen Prayed to the Lord Hanumanji ji to stay here forever. After that, the temple was built in this place by King Bhadrasen.
This is one of the three temples in India where Lord Hanumanji can be seen in a resting posture, two of these temples are located in different places. The second one is at the banks of Ganga Sangam in Prayagraj, Uttar Pradesh, and the third one is at Jam Sawali in Madhya Pradesh.
The temple is a spiritual site and a beautiful tourist attraction, as a large number of devotees reach there at the time of festivals like Hanuman Jayanti & Ram Navami. Many people arrive there from Aurangabad and nearby Village to take Darshan’s on Tuesday & Saturday also.
It is very close from Ellora Caves .","Bhadra hanuman mandir, Khuldabad, Maharashtra 431101",Open daily from 5:00 AM to 9:30 PM,,,,"How to reach Shree Bhadra Maruti Temple? Here can be reached From Chhatrapati Sambhaji Nagar and Verul by Taxi, Bus, Auto-Rikshaw.",How far is Shree Bhadra Maruti Temple​ from Aurangabad Railway station & Airport? 26 KM from Aurangabad Railway station & 34 KM away from Aurangabad Airport.,How far is Shree Bhadra Maruti Temple​ from Aurangabad Railway station & Airport? 26 KM from Aurangabad Railway station & 34 KM away from Aurangabad Airport.,"[{""question"":""How to reach Shree Bhadra Maruti Temple?"",""answer"":""Here can be reached From Chhatrapati Sambhaji Nagar and Verul by Taxi, Bus, Auto-Rikshaw.""},{""question"":""How many kilometers Shree Bhadra Maruti Temple from Verul and Ellora Caves?"",""answer"":""It is approx 9 Km from Verul and 5 Km from Ellora Caves.""},{""question"":""How far is Shree Bhadra Maruti Temple​ from Aurangabad Railway station & Airport?"",""answer"":""26 KM from Aurangabad Railway station & 34 KM away from Aurangabad Airport.""},{""question"":""Shree Bhadra Maruti Temple Distance from CIDCO Bus Stand with ticket?"",""answer"":""30 KM away from CIDCO Bus Stand And Ticket is 50 RS.""}]",4,4,"{""sections"":{""SHREE BHADRA MARUTI TEMPLE"":[""Shree Bhadra Maruti Temple is located at Khuldabad in Chhatrapati Sambhaji Nagar ( Aurangabad) Maharashtra""],""ABOUT"":[""Shree Bhadra Maruti Mandir is the oldest temple dedicated to Lord Hanuman ji where Lord Hanuman Ji is in a sleeping position. It is located at Khuldabad in Chhatrapati Sambhaji Nagar (Aurangabad), Maharashtra."",""The temple was found to have existed since the Ramayana period, and the old name of this temple used to be known as ‘Bhadravathi.’ The King of Bhadravathi used to be Bhadrasen, who was the Devotee of Lord Ram. Once the king of this place was singing hymns. While hearing the hymns, The Lord Hanumanji came to this place, and listening to the sweet hymns went in a sleeping posture. Seeing like this King Bhadra Sen Prayed to the Lord Hanumanji ji to stay here forever. After that, the temple was built in this place by King Bhadrasen."",""This is one of the three temples in India where Lord Hanumanji can be seen in a resting posture, two of these temples are located in different places. The second one is at the banks of Ganga Sangam in Prayagraj, Uttar Pradesh, and the third one is at Jam Sawali in Madhya Pradesh."",""The temple is a spiritual site and a beautiful tourist attraction, as a large number of devotees reach there at the time of festivals like Hanuman Jayanti & Ram Navami. Many people arrive there from Aurangabad and nearby Village to take Darshan’s on Tuesday & Saturday also."",""It is very close from Ellora Caves .""],""TIMINGS"":[""Open daily from 5:00 AM to 9:30 PM""],""ADDRESS"":[""Bhadra hanuman mandir, Khuldabad, Maharashtra 431101""],""FAQ"":[""How to reach Shree Bhadra Maruti Temple?"",""Here can be reached From Chhatrapati Sambhaji Nagar and Verul by Taxi, Bus, Auto-Rikshaw."",""How many kilometers Shree Bhadra Maruti Temple from Verul and Ellora Caves?"",""It is approx 9 Km from Verul and 5 Km from Ellora Caves."",""How far is Shree Bhadra Maruti Temple​ from Aurangabad Railway station & Airport?"",""26 KM from Aurangabad Railway station & 34 KM away from Aurangabad Airport."",""Shree Bhadra Maruti Temple Distance from CIDCO Bus Stand with ticket?"",""30 KM away from CIDCO Bus Stand And Ticket is 50 RS.""]},""meta_description"":""Visit Shree Bhadra Maruti Mandir in Khuldabad, a sacred temple dedicated to Lord Hanuman in a rare sleeping posture. Experience spiritual peace and divine energy."",""source_content_evidence"":""evidence/old-site-pages.json: https://maharashtratouristplaces.in/chhatrapati-sambhaji-nagar/khuldabad/shree-bhadra-maruti-mandir/""}","{""old_site_source"":""https://maharashtratouristplaces.in/chhatrapati-sambhaji-nagar/khuldabad/shree-bhadra-maruti-mandir/"",""external_links"":[],""authority_verification"":""NOT_PERFORMED""}",YES,address;opening_hours;getting_there;railway_information;airport_information;access_rules_and_safety;review_counts_and_ratings;faq_operational_claims,OLD_SITE_UNVERIFIED,2026-10-03,"Temple/Mandir are name aliases within this page. Tehsil Destination scope remains proposed. Inventory only. Blank fields mean not captured from this page, not verified absence. No import authorized.",HIGH_DISTRICT;PROPOSED_DESTINATION,REVIEW_REQUIRED
C014,Panchakki Water Mill- Maharashtra Tourist Places,PANCHAKKI  WATER MILL,https://maharashtratouristplaces.in/chhatrapati-sambhaji-nagar/panchakki-water-mill/,https://maharashtratouristplaces.in/chhatrapati-sambhaji-nagar/panchakki-water-mill/,200,CONTENT,PLACE,Chhatrapati Sambhajinagar,chhatrapati-sambhajinagar,,,Panchakki Water Mill,panchakki-water-mill,/places/chhatrapati-sambhajinagar/panchakki-water-mill,"Old page location text + nested listing/URL. Evidence is proposed geography, not independently verified coordinates.",,,CREATE,"No match among 49 curated Places, 10 Stories, or local public catalogue. Check unpublished/Admin and production records before CREATE.",history-architecture,Historic water-mill attraction in Chhatrapati Sambhajinagar.,"Panchakki Watermill is an attractive tourist site which is situated in Chhatrapati Sambhaji Nagar (Aurangabad) of Maharashtra. It was established in 1744 AD and built to generate electric energy from the water useful for grinding the grains of pilgrims by  Disciple of a Sufi saint, Hazrat Baba Shah Musafir. Panchakki is located alongside the State Waqf Board, and it is one of the best examples of well-maintained architecture and engineering of the ancient period and showcases the old water management systems of ancient times.","Panchakki, Nagsenvan, Chhatrapati Sambhaji Nagar ( Aurangabad) , Maharashtra, 431004, India.",Open daily from 6:30 AM to 9:30 PM,Each person: 10 RS . Children above 5 years: 10 Rs. Foreigners : 100 RS.,,,How to reach Panchakki Water mill? It is 4 KM away from Aurangabad Railway Station & 11 KM from Airport. You can take a taxi or Auto rickshaw from outside of Railway station or Airport to reach there.,How to reach Panchakki Water mill? It is 4 KM away from Aurangabad Railway Station & 11 KM from Airport. You can take a taxi or Auto rickshaw from outside of Railway station or Airport to reach there.,How to reach Panchakki Water mill? It is 4 KM away from Aurangabad Railway Station & 11 KM from Airport. You can take a taxi or Auto rickshaw from outside of Railway station or Airport to reach there.,"[{""question"":""How to reach Panchakki Water mill?"",""answer"":""It is 4 KM away from Aurangabad Railway Station & 11 KM from Airport. You can take a taxi or Auto rickshaw from outside of Railway station or Airport to reach there.""},{""question"":""Panchakki  Distance from CIDCO Bus Stand?"",""answer"":""8 KM away from CIDCO Bus Stand""}]",2,2,"{""sections"":{""PANCHAKKI WATER MILL"":[""Panchakki located in Chhatrapati Sambhaji Nagar ( Aurangabad) Maharashtra""],""ABOUT"":[""Panchakki Watermill is an attractive tourist site which is situated in Chhatrapati Sambhaji Nagar (Aurangabad) of Maharashtra. It was established in 1744 AD and built to generate electric energy from the water useful for grinding the grains of pilgrims by  Disciple of a Sufi saint, Hazrat Baba Shah Musafir. Panchakki is located alongside the State Waqf Board, and it is one of the best examples of well-maintained architecture and engineering of the ancient period and showcases the old water management systems of ancient times.""],""ADDRESS"":[""Panchakki, Nagsenvan, Chhatrapati Sambhaji Nagar ( Aurangabad) , Maharashtra, 431004, India.""],""ENTRY FEES"":[""Each person: 10 RS . Children above 5 years: 10 Rs. Foreigners : 100 RS.""],""TIMINGS"":[""Open daily from 6:30 AM to 9:30 PM""],""FAQ"":[""How to reach Panchakki Water mill?"",""It is 4 KM away from Aurangabad Railway Station & 11 KM from Airport. You can take a taxi or Auto rickshaw from outside of Railway station or Airport to reach there."",""Panchakki  Distance from CIDCO Bus Stand?"",""8 KM away from CIDCO Bus Stand""]},""meta_description"":""Explore Panchakki, a historic 17th-century water mill in Chhatrapati Sambhaji Nagar, known for its unique engineering & serene Sufi heritage."",""source_content_evidence"":""evidence/old-site-pages.json: https://maharashtratouristplaces.in/chhatrapati-sambhaji-nagar/panchakki-water-mill/""}","{""old_site_source"":""https://maharashtratouristplaces.in/chhatrapati-sambhaji-nagar/panchakki-water-mill/"",""external_links"":[],""authority_verification"":""NOT_PERFORMED""}",YES,address;opening_hours;entry_fee;getting_there;railway_information;airport_information;access_rules_and_safety;review_counts_and_ratings;faq_operational_claims,OLD_SITE_UNVERIFIED,2026-10-03,"District-level city attraction; no city Destination invented. Inventory only. Blank fields mean not captured from this page, not verified absence. No import authorized.",HIGH_DISTRICT;DISTRICT_LEVEL,REVIEW_REQUIRED
C015,Soegaon - Maharashtra Tourist Places,,https://maharashtratouristplaces.in/chhatrapati-sambhaji-nagar/soegaon/,https://maharashtratouristplaces.in/chhatrapati-sambhaji-nagar/soegaon/,200,EMPTY_PLACEHOLDER,OTHER / REVIEW REQUIRED,Chhatrapati Sambhajinagar,chhatrapati-sambhajinagar,,,Soegaon,,,,,,SKIP,,,,,,,,,,,,,[],0,0,"{""sections"":{},""meta_description"":"""",""source_content_evidence"":""evidence/old-site-pages.json: https://maharashtratouristplaces.in/chhatrapati-sambhaji-nagar/soegaon/""}","{""old_site_source"":""https://maharashtratouristplaces.in/chhatrapati-sambhaji-nagar/soegaon/"",""external_links"":[],""authority_verification"":""NOT_PERFORMED""}",NO_STRUCTURED_CLAIMS_CAPTURED,,OLD_SITE_UNVERIFIED,2026-10-03,Empty subarea placeholder; no Destination proposed without content and geographic scope review.,NOT_APPLICABLE,EMPTY_PLACEHOLDER
C016,Places to visit in Verul Village - Maharashtra Tourist Places,Verul,https://maharashtratouristplaces.in/chhatrapati-sambhaji-nagar/verul/,https://maharashtratouristplaces.in/chhatrapati-sambhaji-nagar/verul/,200,CONTENT,DESTINATION,Chhatrapati Sambhajinagar,chhatrapati-sambhajinagar,Verul,verul,Verul,verul,/destinations/chhatrapati-sambhajinagar/verul,Village overview explicitly identifies Khuldabad tehsil. Flatten to District -> Verul; do not nest Destinations.,,,CREATE,No published Destination in local API across all 36 districts. Production/unpublished Admin collision check remains required.,,"Places to visit in Verul village, like Ellora Caves, Shri Grishneshwar Jyotirlinga, Shivalay tirth kund, shri vishvakarma temple, many more..","Verul
Verul  is a small village at Khuldabad Tehsil in
Chhatrapati Sambhaji Nagar
( Aurangabad) here are the best sites for visiting look below.
Shree Laksha Vinayak Ganapati Temple Shree Kshetra Verul
Ahilyabai Holkar Shivalay Tirth Kund
Shri Grishneshwar Jyotirlinga
Ellora Caves",,,,,,,,,[],0,0,"{""sections"":{""VERUL"":[""Verul  is a small village at Khuldabad Tehsil in Chhatrapati Sambhaji Nagar ( Aurangabad) here are the best sites for visiting look below.""]},""meta_description"":""Places to visit in Verul village, like Ellora Caves, Shri Grishneshwar Jyotirlinga, Shivalay tirth kund, shri vishvakarma temple, many more.."",""source_content_evidence"":""evidence/old-site-pages.json: https://maharashtratouristplaces.in/chhatrapati-sambhaji-nagar/verul/""}","{""old_site_source"":""https://maharashtratouristplaces.in/chhatrapati-sambhaji-nagar/verul/"",""external_links"":[],""authority_verification"":""NOT_PERFORMED""}",REVIEW_MARKETING_AND_ACCESS_CLAIMS,metadata_claims,OLD_SITE_UNVERIFIED,2026-10-03,"Village overview explicitly identifies Khuldabad tehsil. Flatten to District -> Verul; do not nest Destinations. Inventory only. Blank fields mean not captured from this page, not verified absence. No import authorized.",PROPOSED;OWNER_SCOPE_REVIEW,REVIEW_REQUIRED
C017,Ahilyabai Holkar Shivalay Tirth Kund - Maharashtra Tourist Places,AHILYABAI HOLKAR SHIVALAY TIRTH KUND ​,https://maharashtratouristplaces.in/chhatrapati-sambhaji-nagar/verul/ahilyabai-holkar-shivalay-tirth-kund/,https://maharashtratouristplaces.in/chhatrapati-sambhaji-nagar/verul/ahilyabai-holkar-shivalay-tirth-kund/,200,CONTENT,PLACE,Chhatrapati Sambhajinagar,chhatrapati-sambhajinagar,Verul,verul,Ahilyabai Holkar Shivalay Tirth Kund,ahilyabai-holkar-shivalay-tirth-kund,/places/chhatrapati-sambhajinagar/ahilyabai-holkar-shivalay-tirth-kund,"Old page location text + nested listing/URL. Evidence is proposed geography, not independently verified coordinates.",,,CREATE,"No match among 49 curated Places, 10 Stories, or local public catalogue. Check unpublished/Admin and production records before CREATE.",sacred-spiritual;history-architecture,Sacred tank associated with Ahilyabai Holkar at Verul.,"SHIVALAY TIRTH KUND, which is also known as Ahilyabai Holkar Shivalay tirth kund, is located near the Shri Grishneshwar Jyotirlinga in verul close to Chhatrapati Sambhaji Nagar , 1.2km from Ellora caves , Maharashtra. It was made by Queen Ahilyabai Holkar in the 18th century and is known for its symmetrical structure and architectural arrangement. The kund is about 240×185 feet. People have to take a dip/bath before entering the temple, which purifies their souls.","25G8+73G, Ahilyabai Holkar Talab, Verul , Maharashtra 431102",Open daily from 7:00 AM to 9:00 PM,,,,How to reach Ahilyabai Holkar Shivalay Tirth Kund? It is on 5 minute walking distance from Shri Grishneshwar Jyotirlinga. you can easily reach there.,,,"[{""question"":""How to reach Ahilyabai Holkar Shivalay Tirth Kund?"",""answer"":""It is on 5 minute walking distance from Shri Grishneshwar Jyotirlinga. you can easily reach there.""},{""question"":""How many temples are there to Ahilyabai Holkar Shivalay Tirth Kund?"",""answer"":""There are eight temples in Shivalay Kund, which represents the Indian Ashta Tirtha ( eight pilgrimage sites ), which have great religious importance. Each direction is represented by a sacred site : North: Kashi North-East: Gaya East: Ganga South-East: Viraj South: Vishal South-West: Nashik West: Dharavati North-West: Rev""}]",2,2,"{""sections"":{""AHILYABAI HOLKAR SHIVALAY TIRTH KUND"":[""Shivalay Tirth Kund is located  at Verul in Chhatrapati Sambhaji Nagar ( Aurangabad) Maharashtra""],""ABOUT"":[""SHIVALAY TIRTH KUND, which is also known as Ahilyabai Holkar Shivalay tirth kund, is located near the Shri Grishneshwar Jyotirlinga in verul close to Chhatrapati Sambhaji Nagar , 1.2km from Ellora caves , Maharashtra. It was made by Queen Ahilyabai Holkar in the 18th century and is known for its symmetrical structure and architectural arrangement. The kund is about 240×185 feet. People have to take a dip/bath before entering the temple, which purifies their souls.""],""TIMINGS"":[""Open daily from 7:00 AM to 9:00 PM""],""ADDRESS"":[""25G8+73G, Ahilyabai Holkar Talab, Verul , Maharashtra 431102""],""FAQ"":[""How to reach Ahilyabai Holkar Shivalay Tirth Kund?"",""It is on 5 minute walking distance from Shri Grishneshwar Jyotirlinga. you can easily reach there."",""How many temples are there to Ahilyabai Holkar Shivalay Tirth Kund?"",""There are eight temples in Shivalay Kund, which represents the Indian Ashta Tirtha ( eight pilgrimage sites ), which have great religious importance. Each direction is represented by a sacred site :"",""North: Kashi"",""North-East: Gaya"",""East: Ganga"",""South-East: Viraj"",""South: Vishal"",""South-West:"",""Nashik"",""West: Dharavati"",""North-West: Rev""]},""meta_description"":""Ahilyabai Holkar Shivalay Tirth Kund is located at Verul in Chhatrapati Sambhaji Nagar. Near Shri Grishneshwar Jyotirlinga Temple."",""source_content_evidence"":""evidence/old-site-pages.json: https://maharashtratouristplaces.in/chhatrapati-sambhaji-nagar/verul/ahilyabai-holkar-shivalay-tirth-kund/""}","{""old_site_source"":""https://maharashtratouristplaces.in/chhatrapati-sambhaji-nagar/verul/ahilyabai-holkar-shivalay-tirth-kund/"",""external_links"":[],""authority_verification"":""NOT_PERFORMED""}",YES,address;opening_hours;getting_there;access_rules_and_safety;review_counts_and_ratings;faq_operational_claims,OLD_SITE_UNVERIFIED,2026-10-03,"Confirm Ahilyabai Holkar Talab/Shivalay Tirth Kund aliases are the same site. Inventory only. Blank fields mean not captured from this page, not verified absence. No import authorized.",HIGH_DISTRICT;PROPOSED_DESTINATION,REVIEW_REQUIRED
C018,Ellora Caves | UNESCO Heritage Site - Maharashtra Tourist Places,ELLORA CAVES,https://maharashtratouristplaces.in/chhatrapati-sambhaji-nagar/verul/ellora-caves/,https://maharashtratouristplaces.in/chhatrapati-sambhaji-nagar/verul/ellora-caves/,200,CONTENT,PLACE,Chhatrapati Sambhajinagar,chhatrapati-sambhajinagar,Verul,verul,Ellora Caves,ellora-caves,/places/chhatrapati-sambhajinagar/ellora-caves,"Old page location text + nested listing/URL. Evidence is proposed geography, not independently verified coordinates.",Ellora Caves,backend/app/data/places/caves.py; repository dataset + local public API,ENRICH_EXISTING,Existing canonical identity. Field-level additive enrichment requires Admin ownership/version review; preserve curated content and slug.,ancient-caves;history-architecture;sacred-spiritual,"Rock-cut cave complex at Verul with Hindu, Buddhist, and Jain heritage.","‘Ellora cave’s’ is a UNESCO WORLD HERITAGE SITE (locally known as Verul Leni) located in Verul village & approximately 30km from Chhatrapati Sambhaji Nagar (Old Aurangabad) & 1km away from Shri Grishneshwar Jyotirlinga. It is a rock-cut cave and temple established in the 6th & 10th centuries CE, and has Hindu, Buddhist & Jain Architecture. There are around 100 caves, but 34 major caves (12 Buddhist caves, 17 Brahmanical caves and 5 Jain caves) are open to local people and tourists. It shows the variety of religious respect for Lord Shiva at the famous Kailash temple from ancient times. It is a highly rated site with a rating of 4.6 – 4.8 and 54,000+ reviews.",Verul village in Chhatrapati Sambhaji Nagar ( Aurangabad) Maharashtra.,Open daily from 6:00 AM to 6:00 PM ( Closed very Tuesday),"Indian Citizens: ₹40 per person
Foreign Tourists: ₹600 per person",How much time is needed to explore it? At least to 3 to 4 hours to explore the caves.,"What's the best time to visit Ellora Caves? October to March, when the weather is pleasant and cool. Avoid peak summer (April–June) due to high temperature.","How to reach Ellora caves? You can take a taxi, auto-rickshaw or bus to Verul village from Chhatrapati Sambhajinagar ( Aurangabad) to reach Ellora caves, or you can also go in your own vehicle via road.",How far is Ellora Caves from Aurangabad Railway station & Airport? 29 KM from Railway station & 35 KM away from Aurangabad Airport.,How far is Ellora Caves from Aurangabad Railway station & Airport? 29 KM from Railway station & 35 KM away from Aurangabad Airport.,"[{""question"":""How to reach Ellora caves?"",""answer"":""You can take a taxi, auto-rickshaw or bus to Verul village from Chhatrapati Sambhajinagar ( Aurangabad) to reach Ellora caves, or you can also go in your own vehicle via road.""},{""question"":""How far is Ellora Caves from Aurangabad Railway station & Airport?"",""answer"":""29 KM from Railway station & 35 KM away from Aurangabad Airport.""},{""question"":""Is there an entry fee to visit Ellora Caves?"",""answer"":""Yes, charges are applicable""},{""question"":""Can I take Photos & videos inside the Ellora caves?"",""answer"":""Yes, Photography & Videography allowed by Phone, Camera  with some restrictions ( Flash photography is prohibited inside the caves ) Drones : The use of drone is strictly prohibited.""},{""question"":""How much time is needed to explore it?"",""answer"":""At least to 3 to 4 hours to explore the caves.""},{""question"":""What's the best time to visit Ellora Caves?"",""answer"":""October to March, when the weather is pleasant and cool. Avoid peak summer (April–June) due to high temperature.""}]",6,6,"{""sections"":{""ELLORA CAVES"":[""Ellora Caves is located at Verul village in Chhatrapati Sambhaji Nagar ( Aurangabad) Maharashtra""],""ABOUT"":[""‘Ellora cave’s’ is a UNESCO WORLD HERITAGE SITE (locally known as Verul Leni) located in Verul village & approximately 30km from Chhatrapati Sambhaji Nagar (Old Aurangabad) & 1km away from Shri Grishneshwar Jyotirlinga. It is a rock-cut cave and temple established in the 6th & 10th centuries CE, and has Hindu, Buddhist & Jain Architecture. There are around 100 caves, but 34 major caves (12 Buddhist caves, 17 Brahmanical caves and 5 Jain caves) are open to local people and tourists. It shows the variety of religious respect for Lord Shiva at the famous Kailash temple from ancient times. It is a highly rated site with a rating of 4.6 – 4.8 and 54,000+ reviews.""],""ADDRESS"":[""Verul village in Chhatrapati Sambhaji Nagar ( Aurangabad) Maharashtra.""],""ENTRY TICKET FEES"":[""Indian Citizens: ₹40 per person"",""Foreign Tourists: ₹600 per person""],""TIMING"":[""Open daily from 6:00 AM to 6:00 PM ( Closed very Tuesday)""],""FAQ"":[""How to reach Ellora caves?"",""You can take a taxi, auto-rickshaw or bus to Verul village from Chhatrapati Sambhajinagar ( Aurangabad) to reach Ellora caves, or you can also go in your own vehicle via road."",""How far is Ellora Caves from Aurangabad Railway station & Airport?"",""29 KM from Railway station & 35 KM away from Aurangabad Airport."",""Is there an entry fee to visit Ellora Caves?"",""Yes, charges are applicable"",""Can I take Photos & videos inside the Ellora caves?"",""Yes, Photography & Videography allowed by Phone, Camera  with some restrictions ( Flash photography is prohibited inside the caves )"",""Drones : The use of drone is strictly prohibited."",""How much time is needed to explore it?"",""At least to 3 to 4 hours to explore the caves."",""What's the best time to visit Ellora Caves?"",""October to March, when the weather is pleasant and cool. Avoid peak summer (April–June) due to high temperature.""]},""meta_description"":""Visit Ellora Caves, a stunning rock-cut cave complex and UNESCO World Heritage Site at Verul in Chhatrapati Sambhaji Nagar, Maharashtra."",""source_content_evidence"":""evidence/old-site-pages.json: https://maharashtratouristplaces.in/chhatrapati-sambhaji-nagar/verul/ellora-caves/""}","{""old_site_source"":""https://maharashtratouristplaces.in/chhatrapati-sambhaji-nagar/verul/ellora-caves/"",""external_links"":[],""authority_verification"":""NOT_PERFORMED""}",YES,address;opening_hours;entry_fee;recommended_duration;best_time_to_visit;getting_there;railway_information;airport_information;access_rules_and_safety;review_counts_and_ratings;faq_operational_claims,OLD_SITE_UNVERIFIED,2026-10-03,"Existing curated Place. Do not split Kailasa/Kailash temple or individual caves into duplicates merely because mentioned in text. Inventory only. Blank fields mean not captured from this page, not verified absence. No import authorized.",HIGH_DISTRICT;PROPOSED_DESTINATION,REVIEW_REQUIRED
C019,Shree Laksha Vinayak Ganapati Temple Shree Kshetra Verul - Maharashtra Tourist Places,SHREE LAKSHA VINAYAK GANAPATI TEMPLE,https://maharashtratouristplaces.in/chhatrapati-sambhaji-nagar/verul/shree-laksha-vinayak-ganapati-temple-shree-kshetra-verul/,https://maharashtratouristplaces.in/chhatrapati-sambhaji-nagar/verul/shree-laksha-vinayak-ganapati-temple-shree-kshetra-verul/,200,CONTENT,PLACE,Chhatrapati Sambhajinagar,chhatrapati-sambhajinagar,Verul,verul,Shree Laksha Vinayak Ganapati Temple,shree-laksha-vinayak-ganapati-temple,/places/chhatrapati-sambhajinagar/shree-laksha-vinayak-ganapati-temple,"Old page location text + nested listing/URL. Evidence is proposed geography, not independently verified coordinates.",,,CREATE,"No match among 49 curated Places, 10 Stories, or local public catalogue. Check unpublished/Admin and production records before CREATE.",sacred-spiritual,Ganesha temple described at Shree Kshetra Verul.,"The Shree Laksha Vinayak Ganapati Temple is a respected and spiritually considerable Temple which is dedicated to Lord Shri Ganesha and this temple murti is self-proclaimed who is worshiped as Laksha Vinayaka. Laksha means ‘1 lakh’ which indicates the Lord’s immense power and ability to fulfill wishes.
Devotees believe that worshiping Lord Laksh Vinayak here removes all Problem in life and confer success and prosperity. The temple has full of spiritual energy & olden traditions, and it is visited by thousands of devotees throughout the year. The clam atmosphere of the temple, the chanting of mantras and the ritualistic worship give a spiritual feel to everyone. This is the seventeenth seat among the twenty-one self-manifested Ganesha shrines in India
The temple is situated at Shree Kshetra Verul in Chhatrapati Sambhaji Nagar (Aurangabad), Maharashtra. It is 5 to 10 minutes on walking distance from Shri Grishneshwar Jyotirlinga temple .","25C8+PR8, Talyachi Wadi, at verul village in Chhatrapati Sambhaji Nagar, Maharashtra 431102",Open daily from 5:00 AM to 9:00 PM,,,,"How to reach Shree Laksha Vinayak Ganapati Temple, Shree Kshetra Verul? Take a Auto – Rickshaw from Ellora Caves or Shri Grishneshwar Temple to reach there , It is very close from both places. you can also go while walking",,,"[{""question"":""How to reach Shree Laksha Vinayak Ganapati Temple, Shree Kshetra Verul?"",""answer"":""Take a Auto – Rickshaw from Ellora Caves or Shri Grishneshwar Temple to reach there , It is very close from both places. you can also go while walking""},{""question"":""There are hotels or Homestay near by temple?"",""answer"":""Yes, there are lots of hotels & Homestay around the Temple.""}]",2,2,"{""sections"":{""SHREE LAKSHA VINAYAK GANAPATI TEMPLE"":[""Shree Laksha Vinayak Ganapati Temple located at Verul village in Chhatrapati Sambhaji Nagar ( Aurangabad) Maharashtra""],""ABOUT"":[""The Shree Laksha Vinayak Ganapati Temple is a respected and spiritually considerable Temple which is dedicated to Lord Shri Ganesha and this temple murti is self-proclaimed who is worshiped as Laksha Vinayaka. Laksha means ‘1 lakh’ which indicates the Lord’s immense power and ability to fulfill wishes."",""Devotees believe that worshiping Lord Laksh Vinayak here removes all Problem in life and confer success and prosperity. The temple has full of spiritual energy & olden traditions, and it is visited by thousands of devotees throughout the year. The clam atmosphere of the temple, the chanting of mantras and the ritualistic worship give a spiritual feel to everyone. This is the seventeenth seat among the twenty-one self-manifested Ganesha shrines in India"",""The temple is situated at Shree Kshetra Verul in Chhatrapati Sambhaji Nagar (Aurangabad), Maharashtra. It is 5 to 10 minutes on walking distance from Shri Grishneshwar Jyotirlinga temple .""],""ADDRESS"":[""25C8+PR8, Talyachi Wadi, at verul village in Chhatrapati Sambhaji Nagar, Maharashtra 431102""],""DARSHAN TIMINGS"":[""Open daily from 5:00 AM to 9:00 PM""],""FAQ"":[""How to reach Shree Laksha Vinayak Ganapati Temple, Shree Kshetra Verul?"",""Take a Auto – Rickshaw from Ellora Caves or Shri Grishneshwar Temple to reach there , It is very close from both places. you can also go while walking"",""There are hotels or Homestay near by temple?"",""Yes, there are lots of hotels & Homestay around the Temple.""]},""meta_description"":""Shree Laksha Vinayak Ganapati Temple is located at Verul in Chhatrapati Sambhaji Nagar-Near by Shri Grishneshwar Jyotirlinga and Ellora caves."",""source_content_evidence"":""evidence/old-site-pages.json: https://maharashtratouristplaces.in/chhatrapati-sambhaji-nagar/verul/shree-laksha-vinayak-ganapati-temple-shree-kshetra-verul/""}","{""old_site_source"":""https://maharashtratouristplaces.in/chhatrapati-sambhaji-nagar/verul/shree-laksha-vinayak-ganapati-temple-shree-kshetra-verul/"",""external_links"":[],""authority_verification"":""NOT_PERFORMED""}",YES,address;opening_hours;getting_there;access_rules_and_safety;review_counts_and_ratings;faq_operational_claims,OLD_SITE_UNVERIFIED,2026-10-03,"Attribute religious beliefs as traditions. Verify historical claims and name spelling. Inventory only. Blank fields mean not captured from this page, not verified absence. No import authorized.",HIGH_DISTRICT;PROPOSED_DESTINATION,REVIEW_REQUIRED
C020,Shri Grishneshwar Jyotirlinga Temple- Maharashtra Tourist Places,SHRI GRISHNESHWAR JYOTIRLINGA,https://maharashtratouristplaces.in/chhatrapati-sambhaji-nagar/verul/shri-grishneshwar-jyotirlinga/,https://maharashtratouristplaces.in/chhatrapati-sambhaji-nagar/verul/shri-grishneshwar-jyotirlinga/,200,CONTENT,PLACE,Chhatrapati Sambhajinagar,chhatrapati-sambhajinagar,Verul,verul,Ghrishneshwar Temple,ghrishneshwar-temple,/places/chhatrapati-sambhajinagar/ghrishneshwar-temple,"Old page location text + nested listing/URL. Evidence is proposed geography, not independently verified coordinates.",Ghrishneshwar Temple,backend/app/data/places/sacred_spiritual.py; repository dataset + local public API,ENRICH_EXISTING,Existing canonical identity. Field-level additive enrichment requires Admin ownership/version review; preserve curated content and slug.,sacred-spiritual,Shiva pilgrimage temple at Verul near Ellora.,"‘Shri Grineshwar jyotirlinga is the smallest one of the twelve jyotirlingas and is situated in Verul village , close to the Chhatrapati Sambhaji Nagar (old Aurangabad) and nearly 1km from Ellora cave’s in state of Maharashtra. It was first found in the 6th century and was rebuilt in the year 1729 by Queen Ahilyabai Holkar in its current state. It is the 12th and final jyotirlinga & namely known for its Hemadpanti Architectural beauty, meaningful history & spiritual significance of the Lord Shiva.",Verul village in Chhatrapati Sambhaji Nagar ( Aurangabad) Maharashtra.,Open daily from 5:30 AM to 9:30 PM,,,,How to reach Shri Grishneshwar Jyotirlinga​? Take a taxi or government bus from Chhatrapati Sambhaji Nagar (Aurangabad) to Verul village to reach the Shri Grishneshwar Jyotirlinga. (You can also go in your private car via road.),How far is Shri Grishneshwar Jyotirlinga​ from Aurangabad Railway station & Airport? 31 KM from Railway station & 36 KM away from Aurangabad Airport.,How far is Shri Grishneshwar Jyotirlinga​ from Aurangabad Railway station & Airport? 31 KM from Railway station & 36 KM away from Aurangabad Airport.,"[{""question"":""How to reach Shri Grishneshwar Jyotirlinga​?"",""answer"":""Take a taxi or government bus from Chhatrapati Sambhaji Nagar (Aurangabad) to Verul village to reach the Shri Grishneshwar Jyotirlinga. (You can also go in your private car via road.)""},{""question"":""How far is Shri Grishneshwar Jyotirlinga​ from Aurangabad Railway station & Airport?"",""answer"":""31 KM from Railway station & 36 KM away from Aurangabad Airport.""},{""question"":""Shri Grishneshwar Jotyelinga Distance from CIDCO Bus Stand with ticket?"",""answer"":""36 KM away from CIDCO Bus Stand And Ticket is 60 RS.""},{""question"":""Any hotels are there Near by Temple"",""answer"":""Yes, There are lots of Hotel near by Temple""}]",4,4,"{""sections"":{""SHRI GRISHNESHWAR JYOTIRLINGA"":[""Shri Grishneshwar Jyotirlinga located at Verul village in Chhatrapati Sambhaji Nagar ( Aurangabad) Maharashtra""],""ABOUT"":[""‘Shri Grineshwar jyotirlinga is the smallest one of the twelve jyotirlingas and is situated in Verul village , close to the Chhatrapati Sambhaji Nagar (old Aurangabad) and nearly 1km from Ellora cave’s in state of Maharashtra. It was first found in the 6th century and was rebuilt in the year 1729 by Queen Ahilyabai Holkar in its current state. It is the 12th and final jyotirlinga & namely known for its Hemadpanti Architectural beauty, meaningful history & spiritual significance of the Lord Shiva.""],""ADDERESS"":[""Verul village in Chhatrapati Sambhaji Nagar ( Aurangabad) Maharashtra.""],""DARSHAN TIMINGS"":[""Open daily from 5:30 AM to 9:30 PM""],""FAQ"":[""How to reach Shri Grishneshwar Jyotirlinga​?"",""Take a taxi or government bus from Chhatrapati Sambhaji Nagar (Aurangabad) to Verul village to reach the Shri Grishneshwar Jyotirlinga. (You can also go in your private car via road.)"",""How far is Shri Grishneshwar Jyotirlinga​ from Aurangabad Railway station & Airport?"",""31 KM from Railway station & 36 KM away from Aurangabad Airport."",""Shri Grishneshwar Jotyelinga Distance from CIDCO Bus Stand with ticket?"",""36 KM away from CIDCO Bus Stand And Ticket is 60 RS."",""Any hotels are there Near by Temple"",""Yes, There are lots of Hotel near by Temple""]},""meta_description"":""Grishneshwar Jyotirlinga Temple is located at Verul in Chhatrapati Sambhaji Nagar, Maharashtra, near Ellora caves."",""source_content_evidence"":""evidence/old-site-pages.json: https://maharashtratouristplaces.in/chhatrapati-sambhaji-nagar/verul/shri-grishneshwar-jyotirlinga/""}","{""old_site_source"":""https://maharashtratouristplaces.in/chhatrapati-sambhaji-nagar/verul/shri-grishneshwar-jyotirlinga/"",""external_links"":[],""authority_verification"":""NOT_PERFORMED""}",YES,address;opening_hours;getting_there;railway_information;airport_information;access_rules_and_safety;review_counts_and_ratings;faq_operational_claims,OLD_SITE_UNVERIFIED,2026-10-03,"Grishneshwar/Ghrishneshwar/Jyotirlinga spelling aliases map to one curated Place. Old construction chronology conflicts with common accounts; retain curated copy until authoritative review. Inventory only. Blank fields mean not captured from this page, not verified absence. No import authorized.",HIGH_DISTRICT;PROPOSED_DESTINATION,REVIEW_REQUIRED
C021,Contact - Maharashtra Tourist Places,Contact,https://maharashtratouristplaces.in/contact/,https://maharashtratouristplaces.in/contact/,200,CONTENT,OTHER / REVIEW REQUIRED,,,,,,,,,,,SKIP,,,,,,,,,,,,,[],0,0,"{""sections"":{""CONTACT"":[""Please suggest more places in Maharashtra that we can add to our platform""]},""meta_description"":"""",""source_content_evidence"":""evidence/old-site-pages.json: https://maharashtratouristplaces.in/contact/""}","{""old_site_source"":""https://maharashtratouristplaces.in/contact/"",""external_links"":[],""authority_verification"":""NOT_PERFORMED""}",NO_STRUCTURED_CLAIMS_CAPTURED,,OLD_SITE_UNVERIFIED,2026-10-03,Utility/about/legal/contact page. Separate editorial/legal review if ever needed; no tourism entity or policy replacement proposed.,NOT_APPLICABLE,SKIP
C022,Disclaimer - Maharashtra Tourist Places,Disclaimer,https://maharashtratouristplaces.in/disclaimer/,https://maharashtratouristplaces.in/disclaimer/,200,CONTENT,OTHER / REVIEW REQUIRED,,,,,,,,,,,SKIP,,,,,,,,,,,,,[],0,0,"{""sections"":{""DISCLAIMER"":[""The information provided on Maharashtra tourist places website is published in good faith and only for general informational purposes . Our website focuses on sharing information about tourist destinations, travel tips, historical places, and attractions in Maharashtra.""],""TRAVEL INFORMATION"":[""All travel guides, destination details, timings, ticket prices, and other tourism related information on this website are collected from different sources and personal research. These details may change over time, so visitors are advised to verify information from official sources before making travel plans.""],""EXTERNAL LINKS"":[""Our website may contain links of other websites for the additional information. We do not control or guarantee the accuracy, relevance, or reliability of any content found on external websites.""],""LIMITATION OF LIABILITY"":[""Under no circumstances shall Maharashtra Tourist Places be liable for any loss or damage resulting from the use of information available on this website.""],""UPDATE"":[""We may update or change this disclaimer at any time without prior notice.""],""CONTACT US"":[""If you require more information about this disclaimer or have any questions, please contact us through the Contact Us page on our website.""]},""meta_description"":"""",""source_content_evidence"":""evidence/old-site-pages.json: https://maharashtratouristplaces.in/disclaimer/""}","{""old_site_source"":""https://maharashtratouristplaces.in/disclaimer/"",""external_links"":[],""authority_verification"":""NOT_PERFORMED""}",NO_STRUCTURED_CLAIMS_CAPTURED,,OLD_SITE_UNVERIFIED,2026-10-03,Utility/about/legal/contact page. Separate editorial/legal review if ever needed; no tourism entity or policy replacement proposed.,NOT_APPLICABLE,SKIP
C023,Forts - Maharashtra Tourist Places,Forts,https://maharashtratouristplaces.in/forts/,https://maharashtratouristplaces.in/forts/,200,CONTENT,OTHER / REVIEW REQUIRED,,,,,,,/explore/forts-heritage,,,,SKIP,,forts-heritage,"Existing category/discovery listing, not a new entity.",,,,,,What is the best time to visit forts in Maharashtra? The best time to visit forts in Maharashtra is from October to March when the weather is pleasant and suitable for trekking and sightseeing. The monsoon season is also popular because of the lush green landscapes.,,,,"[{""question"":""What can I find on this Maharashtra forts page?"",""answer"":""This page features a collection of popular forts in Maharashtra, including historical forts, trekking forts, hill forts, and coastal forts. Visitors can explore detailed information about each fort, including its history, location, attractions, and travel tips.""},{""question"":""How do I choose the best fort to visit in Maharashtra?"",""answer"":""The best fort depends on your interests. History lovers can explore heritage forts, while adventure enthusiasts can choose trekking forts located in the Sahyadri mountain ranges.""},{""question"":""Are all forts listed on this page open to visitors?"",""answer"":""Most forts featured on this page are open to visitors, although entry timings, fees, and access rules may vary by location. It is advisable to check the latest information before planning your visit.""},{""question"":""Does this page include trekking forts in Maharashtra?"",""answer"":""Yes, this page includes several trekking forts in Maharashtra that are popular among hikers, adventure seekers, and nature lovers.""},{""question"":""Does this page cover forts from different regions of Maharashtra?"",""answer"":""Yes, the forts listed on this page are located across various regions of Maharashtra, helping travelers discover destinations throughout the state.""},{""question"":""How often is the list of forts updated?"",""answer"":""The list is updated regularly to provide visitors with accurate information about forts, attractions, travel details, and newly added destinations.""},{""question"":""Can I find travel information for each fort?"",""answer"":""Yes, individual fort pages provide useful travel information such as location, nearby attractions, visiting tips, and other details for tourists.""},{""question"":""Is this page useful for planning a Maharashtra fort tour?"",""answer"":""Yes, individual fort pages provide useful travel information such as location, nearby attractions, visiting tips, and other details for tourists.""},{""question"":""What are the most famous forts in Maharashtra?"",""answer"":""Maharashtra is home to many popular forts, including Raigad Fort, Sinhagad Fort, Shivneri Fort, Sindhudurg Fort, Daulatabad Fort, Harihar Fort, Rajgad Fort, and Torna Fort. These forts are known for their history, architecture, and scenic surroundings.""},{""question"":""How many forts are there in Maharashtra?"",""answer"":""Maharashtra has more than 350 forts spread across the Sahyadri mountain ranges, coastal regions, and plains. The state is known for having one of the largest collections of historic forts in India.""},{""question"":""What is the best time to visit forts in Maharashtra?"",""answer"":""The best time to visit forts in Maharashtra is from October to March when the weather is pleasant and suitable for trekking and sightseeing. The monsoon season is also popular because of the lush green landscapes.""}]",13,11,"{""sections"":{""FORTS"":[""Explore the complete list of forts in Maharashtra, featuring historical landmarks, hill forts, sea forts, and architectural marvels across the state. Browse detailed information, locations, historical significance, and visitor insights to discover Maharashtra’s rich fort heritage."",""Trimbakeshwar"",""DAULATABAD VILLAGE""],""FAQ"":[""What can I find on this Maharashtra forts page?"",""This page features a collection of popular forts in Maharashtra, including historical forts, trekking forts, hill forts, and coastal forts. Visitors can explore detailed information about each fort, including its history, location, attractions, and travel tips."",""How do I choose the best fort to visit in Maharashtra?"",""The best fort depends on your interests. History lovers can explore heritage forts, while adventure enthusiasts can choose trekking forts located in the Sahyadri mountain ranges."",""Are all forts listed on this page open to visitors?"",""Most forts featured on this page are open to visitors, although entry timings, fees, and access rules may vary by location. It is advisable to check the latest information before planning your visit."",""Does this page include trekking forts in Maharashtra?"",""Yes, this page includes several trekking forts in Maharashtra that are popular among hikers, adventure seekers, and nature lovers."",""Does this page cover forts from different regions of Maharashtra?"",""Yes, the forts listed on this page are located across various regions of Maharashtra, helping travelers discover destinations throughout the state."",""How often is the list of forts updated?"",""The list is updated regularly to provide visitors with accurate information about forts, attractions, travel details, and newly added destinations."",""Can I find travel information for each fort?"",""Yes, individual fort pages provide useful travel information such as location, nearby attractions, visiting tips, and other details for tourists."",""Is this page useful for planning a Maharashtra fort tour?"",""What are the most famous forts in Maharashtra?"",""Maharashtra is home to many popular forts, including Raigad Fort, Sinhagad Fort, Shivneri Fort, Sindhudurg Fort, Daulatabad Fort, Harihar Fort, Rajgad Fort, and Torna Fort. These forts are known for their history, architecture, and scenic surroundings."",""How many forts are there in Maharashtra?"",""Maharashtra has more than 350 forts spread across the Sahyadri mountain ranges, coastal regions, and plains. The state is known for having one of the largest collections of historic forts in India."",""What is the best time to visit forts in Maharashtra?"",""The best time to visit forts in Maharashtra is from October to March when the weather is pleasant and suitable for trekking and sightseeing. The monsoon season is also popular because of the lush green landscapes.""]},""meta_description"":""Explore Maharashtra's famous forts, rich history, and scenic trekking destinations."",""source_content_evidence"":""evidence/old-site-pages.json: https://maharashtratouristplaces.in/forts/""}","{""old_site_source"":""https://maharashtratouristplaces.in/forts/"",""external_links"":[],""authority_verification"":""NOT_PERFORMED""}",NO_STRUCTURED_CLAIMS_CAPTURED,,OLD_SITE_UNVERIFIED,2026-10-03,Reuse canonical Interest route or destination directory. Preserve relevant attraction links in inventory; generic listing FAQs need editorial review and do not become a new Story or taxonomy. Removed 2 exact duplicate FAQ occurrence(s) in inventory view; raw evidence preserved.,NOT_APPLICABLE,SKIP
C024,Gondia - Maharashtra Tourist Places,,https://maharashtratouristplaces.in/gondia/,https://maharashtratouristplaces.in/gondia/,200,EMPTY_PLACEHOLDER,OTHER / REVIEW REQUIRED,Gondia,gondia,,,Gondia,,,,Gondia,backend/app/data/maharashtra.py,SKIP,,,,,,,,,,,,,[],0,0,"{""sections"":{},""meta_description"":""Discover the natural beauty of Gondia in Maharashtra with lush forests, wildlife sanctuaries, caves, and waterfalls. Plan your sightseeing and travel easily."",""source_content_evidence"":""evidence/old-site-pages.json: https://maharashtratouristplaces.in/gondia/""}","{""old_site_source"":""https://maharashtratouristplaces.in/gondia/"",""external_links"":[],""authority_verification"":""NOT_PERFORMED""}",NO_STRUCTURED_CLAIMS_CAPTURED,,OLD_SITE_UNVERIFIED,2026-10-03,Empty old placeholder. Reuse existing District if future content is supplied; no entity/content import proposed.,NOT_APPLICABLE,EMPTY_PLACEHOLDER
C025,Mumbai - Maharashtra Tourist Places,,https://maharashtratouristplaces.in/mumbai/,https://maharashtratouristplaces.in/mumbai/,200,EMPTY_PLACEHOLDER,OTHER / REVIEW REQUIRED,,,,,Mumbai,,,,,,SKIP,,,,,,,,,,,,,[],0,0,"{""sections"":{},""meta_description"":""Explore Mumbai's top tourist attractions, iconic landmarks, beaches, temples, and must-visit places for an unforgettable trip."",""source_content_evidence"":""evidence/old-site-pages.json: https://maharashtratouristplaces.in/mumbai/""}","{""old_site_source"":""https://maharashtratouristplaces.in/mumbai/"",""external_links"":[],""authority_verification"":""NOT_PERFORMED""}",NO_STRUCTURED_CLAIMS_CAPTURED,,OLD_SITE_UNVERIFIED,2026-10-03,Empty placeholder. Mumbai City versus Mumbai Suburban cannot be resolved from this page. Do not invent a District assignment.,NOT_APPLICABLE,REVIEW_REQUIRED
C026,Places to visit in Nagpur- Maharashtra Tourist Places,PLACES TO VISIT IN NAGPUR,https://maharashtratouristplaces.in/nagpur/,https://maharashtratouristplaces.in/nagpur/,200,CONTENT,DISTRICT,Nagpur,nagpur,,,Nagpur,nagpur,/destinations/nagpur,Old district listing and canonical district registry.,Nagpur,backend/app/data/maharashtra.py; local public API,ENRICH_EXISTING,,,,,,,,,,,,,[],0,0,"{""sections"":{""PLACES TO VISIT IN NAGPUR"":[""NEAR TRAVEL LOCATIONS""]},""meta_description"":""Find your best places to visit in Nagpur has beautiful attractions for Travelling, Explore the Nagpur and nearest points."",""source_content_evidence"":""evidence/old-site-pages.json: https://maharashtratouristplaces.in/nagpur/""}","{""old_site_source"":""https://maharashtratouristplaces.in/nagpur/"",""external_links"":[],""authority_verification"":""NOT_PERFORMED""}",NO_STRUCTURED_CLAIMS_CAPTURED,,OLD_SITE_UNVERIFIED,2026-10-03,Reuse canonical District. This inventory does not authorize edits to District records. Do not create duplicate district or city Destination.,HIGH,REVIEW_REQUIRED
C027,Places to visit in Kuhi - Maharashtra Tourist Places,PLACES TO VISIT IN KUHI TEHSIL,https://maharashtratouristplaces.in/nagpur/kuhi/,https://maharashtratouristplaces.in/nagpur/kuhi/,200,CONTENT,DESTINATION,Nagpur,nagpur,Kuhi,kuhi,Kuhi,kuhi,/destinations/nagpur/kuhi,"Tehsil listing, not proof that the Ambhora temple is in Kuhi town. Keep temple district-level pending planning-area decision.",,,CREATE,No published Destination in local API across all 36 districts. Production/unpublished Admin collision check remains required.,,"There are so many tourist places to visit in Kuhi tehsil, which is located in the Nagpur district of Maharashtra, India.","PLACES TO VISIT IN KUHI TEHSIL
Shree Chaitanyeshwar Shiv Temple - Ambhora",,,,,,,,,[],0,0,"{""sections"":{},""meta_description"":""There are so many tourist places to visit in Kuhi tehsil, which is located in the Nagpur district of Maharashtra, India."",""source_content_evidence"":""evidence/old-site-pages.json: https://maharashtratouristplaces.in/nagpur/kuhi/""}","{""old_site_source"":""https://maharashtratouristplaces.in/nagpur/kuhi/"",""external_links"":[],""authority_verification"":""NOT_PERFORMED""}",REVIEW_MARKETING_AND_ACCESS_CLAIMS,metadata_claims,OLD_SITE_UNVERIFIED,2026-10-03,"Tehsil listing, not proof that the Ambhora temple is in Kuhi town. Keep temple district-level pending planning-area decision. Inventory only. Blank fields mean not captured from this page, not verified absence. No import authorized.",PROPOSED;OWNER_SCOPE_REVIEW,REVIEW_REQUIRED
C028,Shree Chaitanyeshwar Shiv Temple In Amhora- Maharashtra Tourist Places,Shree Chaitanyeshwar Shiv Temple - Ambhora,https://maharashtratouristplaces.in/nagpur/kuhi/shree-chaitanyeshwar-temple/,https://maharashtratouristplaces.in/nagpur/kuhi/shree-chaitanyeshwar-temple/,200,CONTENT,PLACE,Nagpur,nagpur,,,"Shree Chaitanyeshwar Shiv Temple, Ambhora",shree-chaitanyeshwar-shiv-temple-ambhora,/places/nagpur/shree-chaitanyeshwar-shiv-temple-ambhora,"Old page location text + nested listing/URL. Evidence is proposed geography, not independently verified coordinates.",,,CREATE,"No match among 49 curated Places, 10 Stories, or local public catalogue. Check unpublished/Admin and production records before CREATE.",sacred-spiritual,Shiva temple described in Ambhora village within Kuhi tehsil.,"Shree Chaitanyeshwar Temple is the most popular and revered spiritual destination. The temple is dedicated to Lord shiva and holds deep religious significance for devotees across the region. It is located in the peaceful village Ambhora, which comes under Kuhi Tehsil in Nagpur district, Maharashtra, The temple is situated at the confluence of five rivers: Kanhan, Wainganga, Murza, Kolari, and Aam. These five rivers meet near the temple, surrounding it with natural beauty and a calm rural landscape.
According to mythology The Shiva Lingam appeared naturally on its own. Long ago, there was a dense forest in this area and sages and saints used to do penance here. After the appearance of Shivalinga, the temple was gradually built here, It is considered to be the holy place of Lord Shiva, hence the people around worship it with great devotion.
There are also several small temples within the temple premises, such as Shree Harinath Mandir, Shree Vitthal Rukmini Mandir, Shree Ganga Mata Mandir & Ganesh Mandir, and many more, where devotees can visit and seek blessings.","Chaitanyeshwar Temple Ambhora, Shri Harinath Temple, SH254, Ambhorakala, Maharashtra 441924",Open daily 5.00 Am to 9.00 pm,,,What is the best time to visit the temple? Early mornings and evenings are ideal for a calm spiritual experience. Festivals like Mahashivratri attract larger crowds and special celebrations. Best season: October to February (winter) Monsoon season is also beautiful due to greenery and river views Avoid peak summer afternoons due to heat,"How can I reach the temple from Nagpur? You can reach the temple from Nagpur by road via Kuhi , Mandhal , Veltur , and Ambhora . Disance: approx. 60–80 km (depending on route) Travel time: around 1.5 to 2.5 hours You can go via car, taxi, or bike through NH53 and nearby rural connecting roads.
Is public transport available to reach Ambhora temple? Public transport is limited. You may find state transport buses to nearby villages , but the most convenient option is: Private taxi Self-drive vehicle Bike trip from Nagpur","What is the nearest railway station to the temple? The nearest major railway station is Nagpur Junction Railway Station. From there, you need to continue by road via taxi or private vehicle.",What is the nearest Airport to the temple? Dr. Babasaheb Ambedkar International Airport in Nagpur from outside you can hire a taxi to Temple.,"[{""question"":""Where is Shree Chaitanyeshwar Shiv Temple located?"",""answer"":""Shree Chaitanyeshwar Shiv Temple is located in Ambhora village, which falls under Kuhi Tehsil in the Nagpur District, Maharashtra, India.""},{""question"":""How can I reach the temple from Nagpur?"",""answer"":""You can reach the temple from Nagpur by road via Kuhi , Mandhal , Veltur , and Ambhora . Disance: approx. 60–80 km (depending on route) Travel time: around 1.5 to 2.5 hours You can go via car, taxi, or bike through NH53 and nearby rural connecting roads.""},{""question"":""What is the nearest Airport to the temple?"",""answer"":""Dr. Babasaheb Ambedkar International Airport in Nagpur from outside you can hire a taxi to Temple.""},{""question"":""What is the nearest railway station to the temple?"",""answer"":""The nearest major railway station is Nagpur Junction Railway Station. From there, you need to continue by road via taxi or private vehicle.""},{""question"":""Is public transport available to reach Ambhora temple?"",""answer"":""Public transport is limited. You may find state transport buses to nearby villages , but the most convenient option is: Private taxi Self-drive vehicle Bike trip from Nagpur""},{""question"":""Is the road suitable for bikes?"",""answer"":""Yes, it’s a popular short bike trip route from Nagpur.""},{""question"":""What is the best time to visit the temple?"",""answer"":""Early mornings and evenings are ideal for a calm spiritual experience. Festivals like Mahashivratri attract larger crowds and special celebrations. Best season: October to February (winter) Monsoon season is also beautiful due to greenery and river views Avoid peak summer afternoons due to heat""},{""question"":""Is parking available near the temple?"",""answer"":""Yes, basic parking facilities are available near the temple.""},{""question"":""Is food available near the temple?"",""answer"":""Small local stalls are available, but for full meals, Nagpur or nearby towns are better options.""},{""question"":""Are accommodation facilities available nearby?"",""answer"":""There are limited accommodation options in Ambhora.""},{""question"":""Are petrol pumps available on the way?"",""answer"":""Petrol pumps are available in Nagpur and nearby towns like Kuhi and Mandhal. It’s best to refuel before starting the journey.""}]",11,11,"{""sections"":{""SHREE CHAITANYESHWAR SHIV TEMPLE - AMBHORA"":[""Shree Chaitanyeshwar Shiv Temple is located in Ambhora village, which falls under Kuhi Tehsil in the Nagpur District, Maharashtra, India.""],""ABOUT"":[""Shree Chaitanyeshwar Temple is the most popular and revered spiritual destination. The temple is dedicated to Lord shiva and holds deep religious significance for devotees across the region. It is located in the peaceful village Ambhora, which comes under Kuhi Tehsil in Nagpur district, Maharashtra, The temple is situated at the confluence of five rivers: Kanhan, Wainganga, Murza, Kolari, and Aam. These five rivers meet near the temple, surrounding it with natural beauty and a calm rural landscape."",""According to mythology The Shiva Lingam appeared naturally on its own. Long ago, there was a dense forest in this area and sages and saints used to do penance here. After the appearance of Shivalinga, the temple was gradually built here, It is considered to be the holy place of Lord Shiva, hence the people around worship it with great devotion."",""There are also several small temples within the temple premises, such as Shree Harinath Mandir, Shree Vitthal Rukmini Mandir, Shree Ganga Mata Mandir & Ganesh Mandir, and many more, where devotees can visit and seek blessings.""],""TIMINGS"":[""Open daily 5.00 Am to 9.00 pm""],""ADDRESS"":[""Chaitanyeshwar Temple Ambhora, Shri Harinath Temple, SH254, Ambhorakala, Maharashtra 441924""],""FAQ"":[""Where is Shree Chaitanyeshwar Shiv Temple located?"",""Shree Chaitanyeshwar Shiv Temple is located in Ambhora village, which falls under Kuhi Tehsil in the Nagpur District, Maharashtra, India."",""How can I reach the temple from Nagpur?"",""You can reach the temple from Nagpur by road via Kuhi , Mandhal , Veltur , and Ambhora ."",""Disance: approx. 60–80 km (depending on route)"",""Travel time: around 1.5 to 2.5 hours"",""You can go via car, taxi, or bike through NH53 and nearby rural connecting roads."",""What is the nearest Airport to the temple?"",""Dr. Babasaheb Ambedkar International Airport in Nagpur from outside you can hire a taxi to Temple."",""What is the nearest railway station to the temple?"",""The nearest major railway station is Nagpur Junction Railway Station. From there, you need to continue by road via taxi or private vehicle."",""Is public transport available to reach Ambhora temple?"",""Public transport is limited. You may find state transport buses to nearby villages , but the most convenient option is:"",""Private taxi"",""Self-drive vehicle"",""Bike trip from Nagpur"",""Is the road suitable for bikes?"",""Yes, it’s a popular short bike trip route from Nagpur."",""What is the best time to visit the temple?"",""Early mornings and evenings are ideal for a calm spiritual experience. Festivals like Mahashivratri attract larger crowds and special celebrations."",""Best season: October to February (winter)"",""Monsoon season is also beautiful due to greenery and river views"",""Avoid peak summer afternoons due to heat"",""Is parking available near the temple?"",""Yes, basic parking facilities are available near the temple."",""Is food available near the temple?"",""Small local stalls are available, but for full meals, Nagpur or nearby towns are better options."",""Are accommodation facilities available nearby?"",""There are limited accommodation options in Ambhora."",""Are petrol pumps available on the way?"",""Petrol pumps are available in Nagpur and nearby towns like Kuhi and Mandhal. It’s best to refuel before starting the journey.""]},""meta_description"":""Shree Chaitanyeshwar Shiv Temple is located in Ambhora village, which falls under Kuhi Tehsil in the Nagpur District of Maharashtra, India."",""source_content_evidence"":""evidence/old-site-pages.json: https://maharashtratouristplaces.in/nagpur/kuhi/shree-chaitanyeshwar-temple/""}","{""old_site_source"":""https://maharashtratouristplaces.in/nagpur/kuhi/shree-chaitanyeshwar-temple/"",""external_links"":[],""authority_verification"":""NOT_PERFORMED""}",YES,address;opening_hours;best_time_to_visit;getting_there;railway_information;airport_information;access_rules_and_safety;review_counts_and_ratings;faq_operational_claims,OLD_SITE_UNVERIFIED,2026-10-03,"Old title says Amhora and body/heading say Ambhora. Village spelling and location need review. Kuhi town parent is not established; do not invent Ambhora Destination or split onsite smaller shrines. Inventory only. Blank fields mean not captured from this page, not verified absence. No import authorized.",HIGH_DISTRICT;DISTRICT_LEVEL,REVIEW_REQUIRED
C029,Shri Ganesh Mandir Tekdi Nagpur - Maharashtra Tourist Places,Shri Ganesh Mandir Tekdi,https://maharashtratouristplaces.in/nagpur/shri-ganesh-mandir-tekdi/,https://maharashtratouristplaces.in/nagpur/shri-ganesh-mandir-tekdi/,200,CONTENT,PLACE,Nagpur,nagpur,,,Shri Ganesh Mandir Tekdi,shri-ganesh-mandir-tekdi,/places/nagpur/shri-ganesh-mandir-tekdi,"Old page location text + nested listing/URL. Evidence is proposed geography, not independently verified coordinates.",,,CREATE,"No match among 49 curated Places, 10 Stories, or local public catalogue. Check unpublished/Admin and production records before CREATE.",sacred-spiritual,Ganesha temple near Nagpur railway station.,"One of the oldest and very famous Temple Shri Ganesh Mandir Tekdi is located In Nagpur of Maharashtra which is dedicated to Lord Ganesha. This temple history is known approx. 250 years old, and the temple is popularly known as ‘Tekdi Ganesh Mandir’ because it is situated on a small hillock ‘Tekdi’ means hill in Marathi/Hindi.
The lord Ganesha murti was appeared under the Shami tree from the ground. Temple Murti is believed to be self-made and it is said that the size of murti is increasing day by day. Thousands of people daily visit to this shri Ganesh Tekdi Mandir for blessing and it is an extremely Miraculous temple. This temple is 1 km on walking distance From Railway Station.","Railway station, Ganesh Tekdi Rd, Sitabuldi, Nagpur, Maharashtra 440001",Open daily from 5:30 AM to 9:00 PM,"Is there an entry fee In Temple? No, entry is free",,When is the best time to visit Temple? 5.30 Am to 7.30 Am is the best time to visit At Morning. 6.00 Pm to 8.30 Pm in Evening. for a peaceful experience,"How to reach Shri Ganesh Mandir Tekdi? You can reach there Shri Ganesh Mandir Tekdi via road by your own Car, Taxi, Bike, Bus, Nagpur is well Connected from All the cites. Train : Take a train from your near railway station to Nagpur, the temple is 1 Km walking distance from Nagpur Railway Station. Flight : Check the availability from your near city from where the flight is available to reach Nagpur, Taxis are easily available from Dr. Babasaheb Ambedkar International Airport Nagpur to Reach the Temple.","How to reach Shri Ganesh Mandir Tekdi? You can reach there Shri Ganesh Mandir Tekdi via road by your own Car, Taxi, Bike, Bus, Nagpur is well Connected from All the cites. Train : Take a train from your near railway station to Nagpur, the temple is 1 Km walking distance from Nagpur Railway Station. Flight : Check the availability from your near city from where the flight is available to reach Nagpur, Taxis are easily available from Dr. Babasaheb Ambedkar International Airport Nagpur to Reach the Temple.","How to reach Shri Ganesh Mandir Tekdi? You can reach there Shri Ganesh Mandir Tekdi via road by your own Car, Taxi, Bike, Bus, Nagpur is well Connected from All the cites. Train : Take a train from your near railway station to Nagpur, the temple is 1 Km walking distance from Nagpur Railway Station. Flight : Check the availability from your near city from where the flight is available to reach Nagpur, Taxis are easily available from Dr. Babasaheb Ambedkar International Airport Nagpur to Reach the Temple.
How many km the Shri Ganesh Mandir Tekdi from  Dr. Babasaheb Ambedkar International Airport? 11 KM from Airport","[{""question"":""How to reach Shri Ganesh Mandir Tekdi?"",""answer"":""You can reach there Shri Ganesh Mandir Tekdi via road by your own Car, Taxi, Bike, Bus, Nagpur is well Connected from All the cites. Train : Take a train from your near railway station to Nagpur, the temple is 1 Km walking distance from Nagpur Railway Station. Flight : Check the availability from your near city from where the flight is available to reach Nagpur, Taxis are easily available from Dr. Babasaheb Ambedkar International Airport Nagpur to Reach the Temple.""},{""question"":""How many km the Shri Ganesh Mandir Tekdi from  Dr. Babasaheb Ambedkar International Airport?"",""answer"":""11 KM from Airport""},{""question"":""How many km the Shri Ganesh Mandir Tekdi from  Ganeshpeth bustand Nagpur?"",""answer"":""3 KM""},{""question"":""Is there an entry fee In Temple?"",""answer"":""No, entry is free""},{""question"":""When is the best time to visit Temple?"",""answer"":""5.30 Am to 7.30 Am is the best time to visit At Morning. 6.00 Pm to 8.30 Pm in Evening. for a peaceful experience""},{""question"":""When is it most crowded in Temple?"",""answer"":""During Ganesh Chaturthi and Sankashti Chaturthi, 5K to 15K devotees visit to Temple.""},{""question"":""What are the Aarti timings of Shri Ganesh Mandir Tekdi?"",""answer"":""Mangal Aarti : 6:30 Am Madhanya Aarti: 12:30 pm Sanja Aarti : 7:00 pm Shayon Aarti : 11:30 pm""}]",7,7,"{""sections"":{""SHRI GANESH MANDIR TEKDI"":[""Shri Ganesh Mandir Tekdi is located  in Nagpur of Maharashtra""],""ABOUT"":[""One of the oldest and very famous Temple Shri Ganesh Mandir Tekdi is located In Nagpur of Maharashtra which is dedicated to Lord Ganesha. This temple history is known approx. 250 years old, and the temple is popularly known as ‘Tekdi Ganesh Mandir’ because it is situated on a small hillock ‘Tekdi’ means hill in Marathi/Hindi."",""The lord Ganesha murti was appeared under the Shami tree from the ground. Temple Murti is believed to be self-made and it is said that the size of murti is increasing day by day. Thousands of people daily visit to this shri Ganesh Tekdi Mandir for blessing and it is an extremely Miraculous temple. This temple is 1 km on walking distance From Railway Station.""],""TEMPLE TIMINGS"":[""Open daily from 5:30 AM to 9:00 PM""],""ADDRESS"":[""Railway station, Ganesh Tekdi Rd, Sitabuldi, Nagpur, Maharashtra 440001""],""FAQ"":[""How to reach Shri Ganesh Mandir Tekdi?"",""You can reach there Shri Ganesh Mandir Tekdi via road by your own Car, Taxi, Bike, Bus, Nagpur is well Connected from All the cites."",""Train : Take a train from your near railway station to Nagpur, the temple is 1 Km walking distance from Nagpur Railway Station."",""Flight : Check the availability from your near city from where the flight is available to reach Nagpur, Taxis are easily available from Dr. Babasaheb Ambedkar International Airport Nagpur to Reach the Temple."",""How many km the Shri Ganesh Mandir Tekdi from  Dr. Babasaheb Ambedkar International Airport?"",""11 KM from Airport"",""How many km the Shri Ganesh Mandir Tekdi from  Ganeshpeth bustand Nagpur?"",""3 KM"",""Is there an entry fee In Temple?"",""No, entry is free"",""When is the best time to visit Temple?"",""5.30 Am to 7.30 Am is the best time to visit At Morning."",""6.00 Pm to 8.30 Pm in Evening. for a peaceful experience"",""When is it most crowded in Temple?"",""During Ganesh Chaturthi and Sankashti Chaturthi, 5K to 15K devotees visit to Temple."",""What are the Aarti timings of Shri Ganesh Mandir Tekdi?"",""Mangal Aarti : 6:30 Am"",""Madhanya Aarti: 12:30 pm"",""Sanja Aarti : 7:00 pm"",""Shayon Aarti : 11:30 pm""]},""meta_description"":""Visit Shri Ganesh Mandir Tekdi Mandir is located in Nagpur and dedicated to lord Ganesh. It is very famous Temple and known for devotional and peaceful atmosphere."",""source_content_evidence"":""evidence/old-site-pages.json: https://maharashtratouristplaces.in/nagpur/shri-ganesh-mandir-tekdi/""}","{""old_site_source"":""https://maharashtratouristplaces.in/nagpur/shri-ganesh-mandir-tekdi/"",""external_links"":[],""authority_verification"":""NOT_PERFORMED""}",YES,address;opening_hours;entry_fee;best_time_to_visit;getting_there;railway_information;airport_information;access_rules_and_safety;review_counts_and_ratings;faq_operational_claims,OLD_SITE_UNVERIFIED,2026-10-03,"Nagpur city Place remains district-level; do not create a Nagpur child Destination just to fill a parent. Inventory only. Blank fields mean not captured from this page, not verified absence. No import authorized.",HIGH_DISTRICT;DISTRICT_LEVEL,REVIEW_REQUIRED
C030,Places to visit in Umred Tehsil - Maharashtra Tourist Places,PLACES TO VISIT IN UMRED TEHSIL,https://maharashtratouristplaces.in/nagpur/umred/,https://maharashtratouristplaces.in/nagpur/umred/,200,CONTENT,DESTINATION,Nagpur,nagpur,Umred,umred,Umred,umred,/destinations/nagpur/umred,Old tehsil listing and all four attraction descriptions support Umred/Nagpur. Town versus wider planning-area scope needs owner review.,,,CREATE,No published Destination in local API across all 36 districts. Production/unpublished Admin collision check remains required.,,"Visit Umred for an adventure through lush sanctuaries, cultural sites, and serene natural landscape.","PLACES TO VISIT IN UMRED TEHSIL
Gandhi Sagar Park - Umred
Shree Vitthal Rukmini Ganeshrao Maharaj Devasthan Kawrapeth
Gandhi Sagar Lake (Gaotalav) - Umred
SHREE GAJANAN MAHARAJ DEVASTHAN W.C.L (PICNIC SPOT) UMRED",,,,,,,,,[],0,0,"{""sections"":{},""meta_description"":""Visit Umred for an adventure through lush sanctuaries, cultural sites, and serene natural landscape."",""source_content_evidence"":""evidence/old-site-pages.json: https://maharashtratouristplaces.in/nagpur/umred/""}","{""old_site_source"":""https://maharashtratouristplaces.in/nagpur/umred/"",""external_links"":[],""authority_verification"":""NOT_PERFORMED""}",REVIEW_MARKETING_AND_ACCESS_CLAIMS,metadata_claims,OLD_SITE_UNVERIFIED,2026-10-03,"Old tehsil listing and all four attraction descriptions support Umred/Nagpur. Town versus wider planning-area scope needs owner review. Inventory only. Blank fields mean not captured from this page, not verified absence. No import authorized. Umred pilot: local Destination ID 409, Nagpur ID 25. No source overview/summary/FAQs; retained blank and DRAFT. Publication blocked. See umred-pilot-result.md.",PROPOSED;OWNER_SCOPE_REVIEW,PILOT_TEXT_DRAFT_IMPORTED
C031,Gandhi Sagar Lake Umred - Maharashtra Tourist Places,Gandhi Sagar Lake (Gaotalav) - Umred,https://maharashtratouristplaces.in/nagpur/umred/gandhi-sagar-lake/,https://maharashtratouristplaces.in/nagpur/umred/gandhi-sagar-lake/,200,CONTENT,PLACE,Nagpur,nagpur,Umred,umred,"Gandhi Sagar Lake, Umred",gandhi-sagar-lake-umred,/places/nagpur/gandhi-sagar-lake-umred,"Old page location text + nested listing/URL. Evidence is proposed geography, not independently verified coordinates.",,,POSSIBLE_DUPLICATE,Lake/park relationship review only. No existing canonical match. Separate pages do not prove separate managed POIs; no merge or create decision yet.,nature-hills,"Lake also called Gaotalav/Gaon Talav in Umred, with a nearby Shiva shrine described in the old text.","Located in the peaceful town of Umred , Gandhi Sagar Lake, popularly known as Gaotalav, is a scenic and tranquil destination that beautifully blends nature, history, and spirituality.
Surrounded by greenery, the lake offers a calm retreat away from the fast pace of everyday life. Its shimmering waters and refreshing breeze create a soothing atmosphere, making it a favorite spot for morning walks, evening relaxation, and photography, especially during stunning sunrise and sunset views.
Adding to the charm of this location is a prachin (ancient) temple dedicated to Lord Shiva, situated near the lake. This sacred site holds deep religious significance for locals and attracts devotees throughout the year. The temple’s timeless presence enhances the spiritual aura of the surroundings, offering visitors a place for prayer, peace, and reflection.
The lake area also becomes lively during local festivals and religious occasions, where cultural traditions and community gatherings bring the place to life. The combination of natural beauty and spiritual heritage makes Gandhi Sagar Lake a unique and meaningful destination.","V849+XRG, Pavandham Rd, Kawarapeth, Teachers Colony, Umred Rural, Maharashtra 441203",Open daily,"Is there any entry fee to visit the lake? No, generally there is no entry fee to visit Gandhi Sagar Lake. It is a public place open for all.",,"What is the best time to visit Gandhi Sagar Lake? Early mornings and evenings are the best times to visit, especially for pleasant weather and beautiful sunrise or sunset views.","How can I reach Gandhi Sagar Lake (Gaotalav)? It is well connected by road, and you can reach it via private vehicles, taxis, or local buses from nearby cities like Nagpur.
Is public transport available to reach the lake? Yes, take a bus or travels from BaidyaNath bus stop Nagpur to Kalamna Square umred. the lake is  on 5 minute walking distance from From Kalamna Square umred.","Which is the nearest railway station? The nearest major railway station is in Nagpur. The name is Nagpur Junction railway station, from where you can hire a taxi to Umred. which is well connected to major cities.","Which is the nearest airport? The closest airport is Dr. Babasaheb Ambedkar International Airport in Nagpur, from where you can hire a taxi to Umred.","[{""question"":""Where is Gandhi Sagar Lake (Gaotalav) located?"",""answer"":""Gandhi Sagar Lake is located on Pawan Dham road in Umred, Nagpur Maharashtra , making it easily accessible for both locals and tourists visiting the region.""},{""question"":""What is Gandhi Sagar Lake famous for?"",""answer"":""It is known for its scenic beauty, peaceful environment, and the presence of an ancient temple dedicated to Lord Shiva, which adds spiritual significance to the location.""},{""question"":""Is there any entry fee to visit the lake?"",""answer"":""No, generally there is no entry fee to visit Gandhi Sagar Lake. It is a public place open for all.""},{""question"":""What is the best time to visit Gandhi Sagar Lake?"",""answer"":""Early mornings and evenings are the best times to visit, especially for pleasant weather and beautiful sunrise or sunset views.""},{""question"":""Are there any activities available at the lake?"",""answer"":""Visitors can usually enjoy walking, relaxing, photography, and spending quiet time in nature. It is more of a peaceful retreat than an activity based spot.""},{""question"":""How can I reach Gandhi Sagar Lake (Gaotalav)?"",""answer"":""It is well connected by road, and you can reach it via private vehicles, taxis, or local buses from nearby cities like Nagpur.""},{""question"":""What is the nearest major city to visit the lake?"",""answer"":""The nearest major city is Nagpur , which is about 45 to 50 km away and serves as the main travel hub for reaching Umred.""},{""question"":""Is public transport available to reach the lake?"",""answer"":""Yes, take a bus or travels from BaidyaNath bus stop Nagpur to Kalamna Square umred. the lake is  on 5 minute walking distance from From Kalamna Square umred.""},{""question"":""Which is the nearest railway station?"",""answer"":""The nearest major railway station is in Nagpur. The name is Nagpur Junction railway station, from where you can hire a taxi to Umred. which is well connected to major cities.""},{""question"":""Which is the nearest airport?"",""answer"":""The closest airport is Dr. Babasaheb Ambedkar International Airport in Nagpur, from where you can hire a taxi to Umred.""},{""question"":""Is it suitable for a one-day trip?"",""answer"":""Absolutely! Gandhi Sagar Lake is ideal for a short and relaxing one-day trip.""}]",11,11,"{""sections"":{""GANDHI SAGAR LAKE (GAOTALAV) - UMRED"":[""Gandhi Sagar Lake (Gaon Talav)  is located on pawan dham road at budhwari peth in Umred""],""ABOUT"":[""Located in the peaceful town of Umred , Gandhi Sagar Lake, popularly known as Gaotalav, is a scenic and tranquil destination that beautifully blends nature, history, and spirituality."",""Surrounded by greenery, the lake offers a calm retreat away from the fast pace of everyday life. Its shimmering waters and refreshing breeze create a soothing atmosphere, making it a favorite spot for morning walks, evening relaxation, and photography, especially during stunning sunrise and sunset views."",""Adding to the charm of this location is a prachin (ancient) temple dedicated to Lord Shiva, situated near the lake. This sacred site holds deep religious significance for locals and attracts devotees throughout the year. The temple’s timeless presence enhances the spiritual aura of the surroundings, offering visitors a place for prayer, peace, and reflection."",""The lake area also becomes lively during local festivals and religious occasions, where cultural traditions and community gatherings bring the place to life. The combination of natural beauty and spiritual heritage makes Gandhi Sagar Lake a unique and meaningful destination.""],""TIMINGS"":[""Open daily""],""ADDRESS"":[""V849+XRG, Pavandham Rd, Kawarapeth, Teachers Colony, Umred Rural, Maharashtra 441203""],""FAQ"":[""Where is Gandhi Sagar Lake (Gaotalav) located?"",""Gandhi Sagar Lake is located on Pawan Dham road in Umred, Nagpur Maharashtra , making it easily accessible for both locals and tourists visiting the region."",""What is Gandhi Sagar Lake famous for?"",""It is known for its scenic beauty, peaceful environment, and the presence of an ancient temple dedicated to Lord Shiva, which adds spiritual significance to the location."",""Is there any entry fee to visit the lake?"",""No, generally there is no entry fee to visit Gandhi Sagar Lake. It is a public place open for all."",""What is the best time to visit Gandhi Sagar Lake?"",""Early mornings and evenings are the best times to visit, especially for pleasant weather and beautiful sunrise or sunset views."",""Are there any activities available at the lake?"",""Visitors can usually enjoy walking, relaxing, photography, and spending quiet time in nature. It is more of a peaceful retreat than an activity based spot."",""How can I reach Gandhi Sagar Lake (Gaotalav)?"",""It is well connected by road, and you can reach it via private vehicles, taxis, or local buses from nearby cities like Nagpur."",""What is the nearest major city to visit the lake?"",""The nearest major city is Nagpur , which is about 45 to 50 km away and serves as the main travel hub for reaching Umred."",""Is public transport available to reach the lake?"",""Yes, take a bus or travels from BaidyaNath bus stop Nagpur to Kalamna Square umred. the lake is  on 5 minute walking distance from From Kalamna Square umred."",""Which is the nearest railway station?"",""The nearest major railway station is in Nagpur. The name is Nagpur Junction railway station, from where you can hire a taxi to Umred. which is well connected to major cities."",""Which is the nearest airport?"",""The closest airport is Dr. Babasaheb Ambedkar International Airport in Nagpur, from where you can hire a taxi to Umred."",""Is it suitable for a one-day trip?"",""Absolutely! Gandhi Sagar Lake is ideal for a short and relaxing one-day trip.""]},""meta_description"":""Gandhi Sagar Lake (Gaotalav) in Umred is a serene destination known for its scenic beauty, peaceful atmosphere, and local significance perfect for relaxation, nature walks, & short getaways."",""source_content_evidence"":""evidence/old-site-pages.json: https://maharashtratouristplaces.in/nagpur/umred/gandhi-sagar-lake/""}","{""old_site_source"":""https://maharashtratouristplaces.in/nagpur/umred/gandhi-sagar-lake/"",""external_links"":[],""authority_verification"":""NOT_PERFORMED""}",YES,address;opening_hours;entry_fee;best_time_to_visit;getting_there;railway_information;airport_information;access_rules_and_safety;review_counts_and_ratings;faq_operational_claims,OLD_SITE_UNVERIFIED,2026-10-03,"Check relationship to Gandhi Sagar Park before creation. Keep separate provisional identities; name/proximity is not proof of duplication. Avoid confusing with similarly named Nagpur city lake. Inventory only. Blank fields mean not captured from this page, not verified absence. No import authorized. Umred pilot: lake/park identity and boundary unresolved; no Place or 11 FAQs imported. POSSIBLE_DUPLICATE retained. See umred-pilot-result.md.",HIGH_DISTRICT;PROPOSED_DESTINATION,PILOT_ENTITY_REVIEW_REQUIRED
C032,Gandhi Sagar Park in Umred - Maharashtra Tourist Places,Gandhi Sagar Park - Umred,https://maharashtratouristplaces.in/nagpur/umred/gandhi-sagar-park/,https://maharashtratouristplaces.in/gandhi-sagar-park/,200,CONTENT,PLACE,Nagpur,nagpur,Umred,umred,"Gandhi Sagar Park, Umred",gandhi-sagar-park-umred,/places/nagpur/gandhi-sagar-park-umred,"Old page location text + nested listing/URL. Evidence is proposed geography, not independently verified coordinates.",,,POSSIBLE_DUPLICATE,Lake/park relationship review only. No existing canonical match. Separate pages do not prove separate managed POIs; no merge or create decision yet.,nature-hills,"Public park described in Budhwari Peth, Umred.","Gandhi Sagar Park is located in Budhwari peth local area, which falls under Umred taluka in Nagpur district, Maharashtra. It is a serene and refreshing destination that offers a perfect escape from the hustle and bustle of daily life. Surrounded by lush greenery and a peaceful atmosphere, the park is an ideal spot for families, nature lovers, and anyone seeking relaxation. The well maintained gardens, walking paths, and open spaces make it a great place for morning walks, jogging, or simply unwinding amidst nature.
One of the highlights of Gandhi Sagar Park is its calm and scenic environment, which attracts visitors of all ages. Children can enjoy the open play areas, while adults can sit back and enjoy the tranquil surroundings. The park also serves as a popular spot for social gatherings, picnics, and casual outings with friends and family.
Whether you’re looking to spend quality time with loved ones, enjoy a peaceful solo visit, or reconnect with nature, Gandhi Sagar Park in Umred provides a pleasant and rejuvenating experience for everyone.","V85C+269, Budhwari peth, Umred, Maharashtra 441203",Open daily 5.00 Am to 8.00 pm,,How much time should I plan for a visit? A visit of 1 to 2 hours is usually enough to explore and relax in the park.,What is the best time to visit Gandhi Sagar Park? The best time to visit is during early mornings or evenings. Winter months (October to February) offer the most pleasant weather.,"How can I reach Gandhi Sagar Park from Nagpur? Umred is about 45  to 50 km far from Nagpur. You can reach the park by car, taxi, or local buses that operate regularly between Nagpur and Umred.
Are there public transport options available to reach the park? Yes, state transport buses and private vehicles are available from nearby cities like Nagpur. Auto rickshaws and local transport can be used within Umred.",,,"[{""question"":""How can I reach Gandhi Sagar Park from Nagpur?"",""answer"":""Umred is about 45  to 50 km far from Nagpur. You can reach the park by car, taxi, or local buses that operate regularly between Nagpur and Umred.""},{""question"":""Are there public transport options available to reach the park?"",""answer"":""Yes, state transport buses and private vehicles are available from nearby cities like Nagpur. Auto rickshaws and local transport can be used within Umred.""},{""question"":""What is the best time to visit Gandhi Sagar Park?"",""answer"":""The best time to visit is during early mornings or evenings. Winter months (October to February) offer the most pleasant weather.""},{""question"":""How much time should I plan for a visit?"",""answer"":""A visit of 1 to 2 hours is usually enough to explore and relax in the park.""},{""question"":""Is the park suitable for a day trip?"",""answer"":""Yes, Gandhi Sagar Park is ideal for a short day trip, especially from Nagpur or nearby areas.""}]",5,5,"{""sections"":{""GANDHI SAGAR PARK - UMRED"":[""Gandhi Sagar Park is located in Budhwari peth local area, which falls under Umred taluka in Nagpur district, Maharashtra.""],""ABOUT"":[""Gandhi Sagar Park is located in Budhwari peth local area, which falls under Umred taluka in Nagpur district, Maharashtra. It is a serene and refreshing destination that offers a perfect escape from the hustle and bustle of daily life. Surrounded by lush greenery and a peaceful atmosphere, the park is an ideal spot for families, nature lovers, and anyone seeking relaxation. The well maintained gardens, walking paths, and open spaces make it a great place for morning walks, jogging, or simply unwinding amidst nature."",""One of the highlights of Gandhi Sagar Park is its calm and scenic environment, which attracts visitors of all ages. Children can enjoy the open play areas, while adults can sit back and enjoy the tranquil surroundings. The park also serves as a popular spot for social gatherings, picnics, and casual outings with friends and family."",""Whether you’re looking to spend quality time with loved ones, enjoy a peaceful solo visit, or reconnect with nature, Gandhi Sagar Park in Umred provides a pleasant and rejuvenating experience for everyone.""],""TIMINGS"":[""Open daily 5.00 Am to 8.00 pm""],""ADDRESS"":[""V85C+269, Budhwari peth, Umred, Maharashtra 441203""],""FAQ"":[""How can I reach Gandhi Sagar Park from Nagpur?"",""Umred is about 45  to 50 km far from Nagpur. You can reach the park by car, taxi, or local buses that operate regularly between Nagpur and Umred."",""Are there public transport options available to reach the park?"",""Yes, state transport buses and private vehicles are available from nearby cities like Nagpur. Auto rickshaws and local transport can be used within Umred."",""What is the best time to visit Gandhi Sagar Park?"",""The best time to visit is during early mornings or evenings. Winter months (October to February) offer the most pleasant weather."",""How much time should I plan for a visit?"",""A visit of 1 to 2 hours is usually enough to explore and relax in the park."",""Is the park suitable for a day trip?"",""Yes, Gandhi Sagar Park is ideal for a short day trip, especially from Nagpur or nearby areas.""]},""meta_description"":""Gandhi Sagar Park is located in Budhwari peth local area, which falls under Umred taluka in Nagpur district, Maharashtra."",""source_content_evidence"":""evidence/old-site-pages.json: https://maharashtratouristplaces.in/nagpur/umred/gandhi-sagar-park/""}","{""old_site_source"":""https://maharashtratouristplaces.in/nagpur/umred/gandhi-sagar-park/"",""external_links"":[],""authority_verification"":""NOT_PERFORMED""}",YES,address;opening_hours;recommended_duration;best_time_to_visit;getting_there;access_rules_and_safety;review_counts_and_ratings;faq_operational_claims,OLD_SITE_UNVERIFIED,2026-10-03,"Relationship/boundary review with Gandhi Sagar Lake. Distinct old URLs, addresses and galleries support retaining two candidates until verified; do not merge automatically. Inventory only. Blank fields mean not captured from this page, not verified absence. No import authorized. Umred pilot: lake/park identity and boundary unresolved; no Place or five FAQs imported. POSSIBLE_DUPLICATE retained. See umred-pilot-result.md.",HIGH_DISTRICT;PROPOSED_DESTINATION,PILOT_ENTITY_REVIEW_REQUIRED
C033,Shree Gajanan maharaj devasthan W.C.L (picnic spot) - Maharashtra Tourist Places,Shree Gajanan Maharaj Devasthan W.C.L (Picnic Spot) Umred,https://maharashtratouristplaces.in/nagpur/umred/shree-gajanan-maharaj-devasthan-w-c-l-picnic-spot/,https://maharashtratouristplaces.in/nagpur/umred/shree-gajanan-maharaj-devasthan-w-c-l-picnic-spot/,200,CONTENT,PLACE,Nagpur,nagpur,Umred,umred,"Shree Gajanan Maharaj Devasthan WCL, Umred",shree-gajanan-maharaj-devasthan-wcl-umred,/places/nagpur/shree-gajanan-maharaj-devasthan-wcl-umred,"Old page location text + nested listing/URL. Evidence is proposed geography, not independently verified coordinates.",,,CREATE,"No match among 49 curated Places, 10 Stories, or local public catalogue. Check unpublished/Admin and production records before CREATE.",sacred-spiritual;nature-hills,Temple and picnic setting described near Gangapur in the Umred WCL area.,"Shree Gajanan Maharaj Devasthan, located near Umred in the Nagpur district of Maharashtra, is a Calm and beautiful place known for both its religious importance and natural surroundings. It lies in the W.C.L (Western Coalfields Limited) area and is a popular spot for devotees as well as visitors looking for a peaceful picnic location.
The main temple is dedicated to Gajanan Maharaj, a respected saint known for his teachings of devotion, faith, and simplicity. Devotees visit the temple regularly to offer prayers and experience spiritual peace.
Along with this, there is also a Lord Shiva temple (Shiv Temple) within the premises. This adds to the religious importance of the place, as visitors can worship both Gajanan Maharaj and Lord Shiva in one visit. The Shiv temple creates a divine and calm atmosphere, especially during festivals like Mahashivratri, when many devotees come for darshan.
The surroundings of the devasthan are filled with greenery, open spaces, and fresh air. Because of this natural beauty, the place is also known as a picnic spot. Families and friends visit here to relax, spend time together, and enjoy nature. It is also suitable for meditation, photography, and quiet reflection.
The best time to visit is during the morning and evening, when the weather is pleasant. Winter and monsoon seasons make the environment even more enjoyable.
Visitors are advised to carry their own food and water, keep the area clean, and respect the religious atmosphere of the place.
Overall, Shree Gajanan Maharaj Devasthan (WCL, Umred ), along with its Shiv Temple, is a perfect combination of spirituality and nature, making it a peaceful destination for both devotees and picnic lovers.","V872+8JQ, MSH 9, Gangapur, Maharashtra 441203",Open daily : 5 am to 7 pm,"Is there any entry fee? Usually no entry fee there. It’s a temple area, but rules can vary slightly depending on WCL management.",,Best time to visit? Winter and monsoon Morning and evening,"Where can I catch the bus in Nagpur? Main points: Ganeshpeth Bus Stand or you can take Travels near by Baidyanath Chowk Bus Stop.
Where should I go by bus or travels? You should go up to Gangapur chowk kawrapeth from there the place is on 5 minute walking distance
Is public transport available? Bus till Umred, Then auto/shared vehicle for the final stretch",,,"[{""question"":""What is this place?"",""answer"":""It’s a peaceful temple dedicated to Gajanan Maharaj, located in a scenic WCL (Western Coalfields) area. People visit for darshan + picnic + nature.""},{""question"":""Is it good for a picnic?"",""answer"":""Yes 👍 Quiet surroundings Greenery and open space Suitable for families & small groups""},{""question"":""Is there any entry fee?"",""answer"":""Usually no entry fee there. It’s a temple area, but rules can vary slightly depending on WCL management.""},{""question"":""How far is it from Nagpur?"",""answer"":""Around 40 to 45 km from Nagpur Takes about 45 minute  to 1 hour by road""},{""question"":""What is the ticket price of bus?"",""answer"":""Around ₹50 – ₹80""},{""question"":""Where can I catch the bus in Nagpur?"",""answer"":""Main points: Ganeshpeth Bus Stand or you can take Travels near by Baidyanath Chowk Bus Stop.""},{""question"":""Where should I go by bus or travels?"",""answer"":""You should go up to Gangapur chowk kawrapeth from there the place is on 5 minute walking distance""},{""question"":""Is public transport available?"",""answer"":""Bus till Umred, Then auto/shared vehicle for the final stretch""},{""question"":""Is the road good?"",""answer"":""Main road (Umred Road) is good Last stretch may be slightly rough/rural""},{""question"":""Best time to visit?"",""answer"":""Winter and monsoon Morning and evening""}]",10,10,"{""sections"":{""SHREE GAJANAN MAHARAJ DEVASTHAN W.C.L (PICNIC SPOT) UMRED"":[""Shree Gajanan maharaj devasthan W.C.L (picnic spot) is located near Gangapur  in Umred""],""ABOUT"":[""Shree Gajanan Maharaj Devasthan, located near Umred in the Nagpur district of Maharashtra, is a Calm and beautiful place known for both its religious importance and natural surroundings. It lies in the W.C.L (Western Coalfields Limited) area and is a popular spot for devotees as well as visitors looking for a peaceful picnic location."",""The main temple is dedicated to Gajanan Maharaj, a respected saint known for his teachings of devotion, faith, and simplicity. Devotees visit the temple regularly to offer prayers and experience spiritual peace."",""Along with this, there is also a Lord Shiva temple (Shiv Temple) within the premises. This adds to the religious importance of the place, as visitors can worship both Gajanan Maharaj and Lord Shiva in one visit. The Shiv temple creates a divine and calm atmosphere, especially during festivals like Mahashivratri, when many devotees come for darshan."",""The surroundings of the devasthan are filled with greenery, open spaces, and fresh air. Because of this natural beauty, the place is also known as a picnic spot. Families and friends visit here to relax, spend time together, and enjoy nature. It is also suitable for meditation, photography, and quiet reflection."",""The best time to visit is during the morning and evening, when the weather is pleasant. Winter and monsoon seasons make the environment even more enjoyable."",""Visitors are advised to carry their own food and water, keep the area clean, and respect the religious atmosphere of the place."",""Overall, Shree Gajanan Maharaj Devasthan (WCL, Umred ), along with its Shiv Temple, is a perfect combination of spirituality and nature, making it a peaceful destination for both devotees and picnic lovers.""],""TIMINGS"":[""Open daily : 5 am to 7 pm""],""ADDRESS"":[""V872+8JQ, MSH 9, Gangapur, Maharashtra 441203""],""FAQ"":[""What is this place?"",""It’s a peaceful temple dedicated to Gajanan Maharaj, located in a scenic WCL (Western Coalfields) area. People visit for darshan + picnic + nature."",""Is it good for a picnic?"",""Yes 👍 Quiet surroundings Greenery and open space Suitable for families & small groups"",""Is there any entry fee?"",""Usually no entry fee there. It’s a temple area, but rules can vary slightly depending on WCL management."",""How far is it from Nagpur?"",""Around 40 to 45 km from Nagpur"",""Takes about 45 minute  to 1 hour by road"",""What is the ticket price of bus?"",""Around ₹50 – ₹80"",""Where can I catch the bus in Nagpur?"",""Main points: Ganeshpeth Bus Stand or you can take Travels near by Baidyanath Chowk Bus Stop."",""Where should I go by bus or travels?"",""You should go up to Gangapur chowk kawrapeth from there the place is on 5 minute walking distance"",""Is public transport available?"",""Bus till Umred, Then auto/shared vehicle for the final stretch"",""Is the road good?"",""Main road (Umred Road) is good"",""Last stretch may be slightly rough/rural"",""Best time to visit?"",""Winter and monsoon"",""Morning and evening""]},""meta_description"":""Shree Gajanan Maharaj Devasthan W.C.L, Umred – a serene picnic spot blending spiritual vibes with natural beauty, ideal for family outings."",""source_content_evidence"":""evidence/old-site-pages.json: https://maharashtratouristplaces.in/nagpur/umred/shree-gajanan-maharaj-devasthan-w-c-l-picnic-spot/""}","{""old_site_source"":""https://maharashtratouristplaces.in/nagpur/umred/shree-gajanan-maharaj-devasthan-w-c-l-picnic-spot/"",""external_links"":[],""authority_verification"":""NOT_PERFORMED""}",YES,address;opening_hours;entry_fee;best_time_to_visit;getting_there;access_rules_and_safety;review_counts_and_ratings;faq_operational_claims,OLD_SITE_UNVERIFIED,2026-10-03,"Confirm public access with temple/WCL management. Do not split the onsite Shiva shrine or picnic area into separate Places without evidence. Inventory only. Blank fields mean not captured from this page, not verified absence. No import authorized. Umred pilot: local Place ID 394; Umred destination_id 409, Nagpur ID 25; source text and ten owned Place FAQs imported as DRAFT. OLD_SITE_UNVERIFIED, no media. See umred-pilot-result.md.",HIGH_DISTRICT;PROPOSED_DESTINATION,PILOT_TEXT_DRAFT_IMPORTED
C034,Shree Vitthal Rukmini Ganeshrao Maharaj Devasthan Kawrapeth - Maharashtra Tourist Places,Shree Vitthal Rukmini Ganeshrao Maharaj Devasthan Kawrapeth - Umred,https://maharashtratouristplaces.in/nagpur/umred/shree-vitthal-rukmini-ganeshrao-maharaj-devasthan-kawrapeth/,https://maharashtratouristplaces.in/nagpur/umred/shree-vitthal-rukmini-ganeshrao-maharaj-devasthan-kawrapeth/,200,CONTENT,PLACE,Nagpur,nagpur,Umred,umred,"Shree Vitthal Rukmini Ganeshrao Maharaj Devasthan, Kawrapeth",shree-vitthal-rukmini-ganeshrao-maharaj-devasthan-kawrapeth,/places/nagpur/shree-vitthal-rukmini-ganeshrao-maharaj-devasthan-kawrapeth,"Old page location text + nested listing/URL. Evidence is proposed geography, not independently verified coordinates.",,,CREATE,"No match among 49 curated Places, 10 Stories, or local public catalogue. Check unpublished/Admin and production records before CREATE.",sacred-spiritual,Temple described in Kawrapeth in Umred taluka.,"Shree Vitthal Rukmini Ganeshrao Maharaj Devasthan, located in the peaceful area of Kawrapeth, Umred near Nagpur, is a sacred place of devotion and spiritual faith. This holy temple is dedicated to Lord Vitthal, Goddess Rukmini, and Ganeshrao Maharaj, attracting devotees from nearby regions.
The temple is known for its calm and divine atmosphere, where devotees come to seek blessings, perform Worship, and participate in various Spiritual programs. Special events and festivals are celebrated with great devotion and energy, bringing the community together in devotion.
This temple very close and on 10 minutes walking distance from Gandhi Sagar Lake (Gaotalav)","V857+HV, Kawrapeth, Gangapur Umred Rural, Maharashtra 441203",Open daily 5.00 Am to 8.00 pm,"Is there any entry fee to visit the temple? No, entry to the temple is free for all devotees.",,,"How can I reach the temple? The temple is easily accessible by road from Nagpur. You can travel by your own private vehicle, taxi, or local buses to Umred and then reach Kawrapeth.",,,"[{""question"":""Where is the temple located?"",""answer"":""Shree Vitthal Rukmini Ganeshrao Maharaj Devasthan is located in Kawrapeth, Umred, near Nagpur in Maharashtra, India.""},{""question"":""How can I reach the temple?"",""answer"":""The temple is easily accessible by road from Nagpur. You can travel by your own private vehicle, taxi, or local buses to Umred and then reach Kawrapeth.""},{""question"":""Is photography allowed inside the temple?"",""answer"":""Photography rules may vary. It’s recommended to ask temple authorities before taking photos inside.""},{""question"":""Is there any entry fee to visit the temple?"",""answer"":""No, entry to the temple is free for all devotees.""},{""question"":""How far is the temple from Nagpur?"",""answer"":""The temple is approximately 40 to 50 km from Nagpur, depending on the route.""}]",5,5,"{""sections"":{""SHREE VITTHAL RUKMINI GANESHRAO MAHARAJ DEVASTHAN KAWRAPETH - UMRED"":[""Shree Vitthal Rukmini Ganeshrao Maharaj Devasthan is located in Kawrapeth, which falls under Umred taluka in Nagpur district, Maharashtra.""],""ABOUT"":[""Shree Vitthal Rukmini Ganeshrao Maharaj Devasthan, located in the peaceful area of Kawrapeth, Umred near Nagpur, is a sacred place of devotion and spiritual faith. This holy temple is dedicated to Lord Vitthal, Goddess Rukmini, and Ganeshrao Maharaj, attracting devotees from nearby regions."",""The temple is known for its calm and divine atmosphere, where devotees come to seek blessings, perform Worship, and participate in various Spiritual programs. Special events and festivals are celebrated with great devotion and energy, bringing the community together in devotion."",""This temple very close and on 10 minutes walking distance from Gandhi Sagar Lake (Gaotalav)""],""TIMINGS"":[""Open daily 5.00 Am to 8.00 pm""],""ADDRESS"":[""V857+HV, Kawrapeth, Gangapur Umred Rural, Maharashtra 441203""],""FAQ"":[""Where is the temple located?"",""Shree Vitthal Rukmini Ganeshrao Maharaj Devasthan is located in Kawrapeth, Umred, near Nagpur in Maharashtra, India."",""How can I reach the temple?"",""The temple is easily accessible by road from Nagpur. You can travel by your own private vehicle, taxi, or local buses to Umred and then reach Kawrapeth."",""Is photography allowed inside the temple?"",""Photography rules may vary. It’s recommended to ask temple authorities before taking photos inside."",""Is there any entry fee to visit the temple?"",""No, entry to the temple is free for all devotees."",""How far is the temple from Nagpur?"",""The temple is approximately 40 to 50 km from Nagpur, depending on the route.""]},""meta_description"":""Peaceful temple in Kawrapeth, Umred dedicated to Lord Vitthal and Rukmini, known for its spiritual ambiance and devotion."",""source_content_evidence"":""evidence/old-site-pages.json: https://maharashtratouristplaces.in/nagpur/umred/shree-vitthal-rukmini-ganeshrao-maharaj-devasthan-kawrapeth/""}","{""old_site_source"":""https://maharashtratouristplaces.in/nagpur/umred/shree-vitthal-rukmini-ganeshrao-maharaj-devasthan-kawrapeth/"",""external_links"":[],""authority_verification"":""NOT_PERFORMED""}",YES,address;opening_hours;entry_fee;getting_there;access_rules_and_safety;review_counts_and_ratings;faq_operational_claims,OLD_SITE_UNVERIFIED,2026-10-03,"Distinct from curated Shri Vitthal-Rukmini Temple, Pandharpur in Solapur. Cross-district name similarity must not cause a merge. Inventory only. Blank fields mean not captured from this page, not verified absence. No import authorized. Umred pilot: local Place ID 395; Umred destination_id 409, Nagpur ID 25; source text and five owned Place FAQs imported as DRAFT. OLD_SITE_UNVERIFIED, no media. See umred-pilot-result.md.",HIGH_DISTRICT;PROPOSED_DESTINATION,PILOT_TEXT_DRAFT_IMPORTED
C035,Places to visit in Nashik - Maharashtra Tourist Places,PLACES TO VISIT iN nashik,https://maharashtratouristplaces.in/nashik/,https://maharashtratouristplaces.in/nashik/,200,CONTENT,DISTRICT,Nashik,nashik,,,Nashik,nashik,/destinations/nashik,Old district listing and canonical district registry.,Nashik,backend/app/data/maharashtra.py; local public API,ENRICH_EXISTING,,,,,,,,,,,,,[],0,0,"{""sections"":{},""meta_description"":""Discover top places to visit in Nashik, including temples, vineyards, and scenic landmarks for every traveler."",""source_content_evidence"":""evidence/old-site-pages.json: https://maharashtratouristplaces.in/nashik/""}","{""old_site_source"":""https://maharashtratouristplaces.in/nashik/"",""external_links"":[],""authority_verification"":""NOT_PERFORMED""}",NO_STRUCTURED_CLAIMS_CAPTURED,,OLD_SITE_UNVERIFIED,2026-10-03,Reuse canonical District. This inventory does not authorize edits to District records. Do not create duplicate district or city Destination.,HIGH,REVIEW_REQUIRED
C036,Trimbakeshwar - Maharashtra Tourist Places,PLACES TO VISIT iN Trimbakeshwar,https://maharashtratouristplaces.in/nashik/trimbakeshwar/,https://maharashtratouristplaces.in/nashik/trimbakeshwar/,200,CONTENT,DESTINATION,Nashik,nashik,Trimbakeshwar,trimbakeshwar,Trimbakeshwar,trimbakeshwar,/destinations/nashik/trimbakeshwar,Listing mixes Trimbak town and wider tehsil. Town temples supported; Harihar parent held for review.,,,CREATE,No published Destination in local API across all 36 districts. Production/unpublished Admin collision check remains required.,,"Trimbakeshwar Tehsil is an administrative division in Nashik district, Maharashtra, known for its religious sites, scenic hills, and the origin of the Godavari River.","PLACES TO VISIT iN Trimbakeshwar
Harihar Fort
Shri Gajanan Maharaj Sansthan Trimbkeshwar
Shree Trimbakeshwar Jyotirlinga Temple",,,,,,,,,[],0,0,"{""sections"":{},""meta_description"":""Trimbakeshwar Tehsil is an administrative division in Nashik district, Maharashtra, known for its religious sites, scenic hills, and the origin of the Godavari River."",""source_content_evidence"":""evidence/old-site-pages.json: https://maharashtratouristplaces.in/nashik/trimbakeshwar/""}","{""old_site_source"":""https://maharashtratouristplaces.in/nashik/trimbakeshwar/"",""external_links"":[],""authority_verification"":""NOT_PERFORMED""}",REVIEW_MARKETING_AND_ACCESS_CLAIMS,metadata_claims,OLD_SITE_UNVERIFIED,2026-10-03,"Listing mixes Trimbak town and wider tehsil. Town temples supported; Harihar parent held for review. Inventory only. Blank fields mean not captured from this page, not verified absence. No import authorized.",PROPOSED;OWNER_SCOPE_REVIEW,REVIEW_REQUIRED
C037,Harihar Fort | Harsha gad - Maharashtra Tourist Places,Harihar Fort (Harshagad),https://maharashtratouristplaces.in/nashik/trimbakeshwar/harihar-fort/,https://maharashtratouristplaces.in/nashik/trimbakeshwar/harihar-fort/,200,CONTENT,PLACE,Nashik,nashik,,,Harihar Fort,harihar-fort,/places/nashik/harihar-fort,"Old page location text + nested listing/URL. Evidence is proposed geography, not independently verified coordinates.",,,CREATE,"No match among 49 curated Places, 10 Stories, or local public catalogue. Check unpublished/Admin and production records before CREATE.",forts-heritage;nature-hills,Hill fort near Harshewadi and Nirgudpada in Trimbakeshwar tehsil.,"The most popular historical mountain peak is the Harihar Fort in Maharashtra, also known as Harshagad, located in the Sahyadri (Western Ghats) mountain range near Harshewadi village & Nirgudpada village at Trimbakeshwar Tehsil in Nashik district.
The fort is built on triangular-shaped rocks, and two edges of the fort are 90 degrees & third edge is 75 degrees inclined to the west. The Height of the fort is 3676 feet (1,120 meters) vertically tall from sea level.
It is very famous for the steep rock, and 117 rock cut stairs are made at an inclined angle of 80 degrees to climb up the hill, and there are small pits to grip to hold hands, from where you can easily climb upwards while holding the stairs’ pits, and it has the temple of Lord Hanuman and Lord Shiva on top of the hill.
The primary purpose of this fort was to maintain military surveillance and security, protecting the major trade routes, especially those in the Nashik region.
It is an attractive tourist site known for the great experience of trekking and knowledge of historical significance about the fort, and a huge number of people gather here during the rainy and winter seasons for hiking and to enjoy the stunning and breathtaking views of the surrounding Sahyadri mountains, Bhaskar gadh, Anjaneri Fort and Bramhagiri parvat.","Harshewadi, Maharashtra 422001",Open daily : 6.00 Am to 5.00 Pm,"Is there an entry fee to trek to Harihar fort? Yes, 30 Rs/- will be charged by forest department.",How long does the trek take (duration)? 1 to 3 hours.,"When is the best season of trekking to Harihar fort? June to September in monsoon and October to February in winter.
When is the best time of the day for trekking to Harihar Fort? You need to start in the early Morning (6:00 AM to 9:00 AM).","How to reach Harihar fort (Harshagad)? Two routes are the best to reach there from the Nashik and Igatpuri . Train: You can take a train to Nashik or Igatpuri. Taxis are easily available outside the both railway stations to reach Harihar fort. Airport: You can also take a flight to Nashik, there is a Nashik International Airport, and taxis are easily available the outside airport to reach Harihar fort.
Can we go from Trimbkeshwar to Harihar fort? Yes, you can, take an Auto rickshaw on rent from Trimbakeshwar to Harshewadi.","How to reach Harihar fort (Harshagad)? Two routes are the best to reach there from the Nashik and Igatpuri . Train: You can take a train to Nashik or Igatpuri. Taxis are easily available outside the both railway stations to reach Harihar fort. Airport: You can also take a flight to Nashik, there is a Nashik International Airport, and taxis are easily available the outside airport to reach Harihar fort.","How to reach Harihar fort (Harshagad)? Two routes are the best to reach there from the Nashik and Igatpuri . Train: You can take a train to Nashik or Igatpuri. Taxis are easily available outside the both railway stations to reach Harihar fort. Airport: You can also take a flight to Nashik, there is a Nashik International Airport, and taxis are easily available the outside airport to reach Harihar fort.","[{""question"":""How to reach Harihar fort (Harshagad)?"",""answer"":""Two routes are the best to reach there from the Nashik and Igatpuri . Train: You can take a train to Nashik or Igatpuri. Taxis are easily available outside the both railway stations to reach Harihar fort. Airport: You can also take a flight to Nashik, there is a Nashik International Airport, and taxis are easily available the outside airport to reach Harihar fort.""},{""question"":""Nashik to Harihar fort Distance?"",""answer"":""43 KM""},{""question"":""Igatpuri to Harihar fort distance?"",""answer"":""58 KM""},{""question"":""Can we go from Trimbkeshwar to Harihar fort?"",""answer"":""Yes, you can, take an Auto rickshaw on rent from Trimbakeshwar to Harshewadi.""},{""question"":""Is there an entry fee to trek to Harihar fort?"",""answer"":""Yes, 30 Rs/- will be charged by forest department.""},{""question"":""From where can we start the trek to Harihar fort?"",""answer"":""Harshewadi or Nirgudpada (Kotamwadi)""},{""question"":""Which is the easy and closest way for trekking Harihar Fort?"",""answer"":""Harshewadi.""},{""question"":""When is the best season of trekking to Harihar fort?"",""answer"":""June to September in monsoon and October to February in winter.""},{""question"":""How long does the trek take (duration)?"",""answer"":""1 to 3 hours.""},{""question"":""When is the best time of the day for trekking to Harihar Fort?"",""answer"":""You need to start in the early Morning (6:00 AM to 9:00 AM).""},{""question"":""What have to carry while trekking to Harihar Fort?"",""answer"":""Comfortable trekking good grip shoes Water bottle Light snacks Sunscreen First aid kit Mobile phone with power bank.""},{""question"":""is Harihar fort dangerous for climbing?"",""answer"":""Yes, because of that slippery rock cut stairs, you have to be careful while climbing to Harihar fort.""}]",12,12,"{""sections"":{""HARIHAR FORT (HARSHAGAD)"":[""Harihar Fort is located at Trimbakeshwar in Nashik Maharashtra""],""ABOUT"":[""The most popular historical mountain peak is the Harihar Fort in Maharashtra, also known as Harshagad, located in the Sahyadri (Western Ghats) mountain range near Harshewadi village & Nirgudpada village at Trimbakeshwar Tehsil in Nashik district."",""The fort is built on triangular-shaped rocks, and two edges of the fort are 90 degrees & third edge is 75 degrees inclined to the west. The Height of the fort is 3676 feet (1,120 meters) vertically tall from sea level."",""It is very famous for the steep rock, and 117 rock cut stairs are made at an inclined angle of 80 degrees to climb up the hill, and there are small pits to grip to hold hands, from where you can easily climb upwards while holding the stairs’ pits, and it has the temple of Lord Hanuman and Lord Shiva on top of the hill."",""The primary purpose of this fort was to maintain military surveillance and security, protecting the major trade routes, especially those in the Nashik region."",""It is an attractive tourist site known for the great experience of trekking and knowledge of historical significance about the fort, and a huge number of people gather here during the rainy and winter seasons for hiking and to enjoy the stunning and breathtaking views of the surrounding Sahyadri mountains, Bhaskar gadh, Anjaneri Fort and Bramhagiri parvat.""],""TIMINGS"":[""Open daily : 6.00 Am to 5.00 Pm""],""ADDRESS"":[""Harshewadi, Maharashtra 422001""],""FAQ"":[""How to reach Harihar fort (Harshagad)?"",""Two routes are the best to reach there from the Nashik and Igatpuri ."",""Train: You can take a train to Nashik or Igatpuri. Taxis are easily available outside the both railway stations to reach Harihar fort."",""Airport: You can also take a flight to Nashik, there is a Nashik International Airport, and taxis are easily available the outside airport to reach Harihar fort."",""Nashik to Harihar fort Distance?"",""43 KM"",""Igatpuri to Harihar fort distance?"",""58 KM"",""Can we go from Trimbkeshwar to Harihar fort?"",""Yes, you can, take an Auto rickshaw on rent from Trimbakeshwar to Harshewadi."",""Is there an entry fee to trek to Harihar fort?"",""Yes, 30 Rs/- will be charged by forest department."",""From where can we start the trek to Harihar fort?"",""Harshewadi or Nirgudpada (Kotamwadi)"",""Which is the easy and closest way for trekking Harihar Fort?"",""Harshewadi."",""When is the best season of trekking to Harihar fort?"",""June to September in monsoon and October to February in winter."",""How long does the trek take (duration)?"",""1 to 3 hours."",""When is the best time of the day for trekking to Harihar Fort?"",""You need to start in the early Morning (6:00 AM to 9:00 AM)."",""What have to carry while trekking to Harihar Fort?"",""Comfortable trekking good grip shoes"",""Water bottle"",""Light snacks"",""Sunscreen"",""First aid kit"",""Mobile phone with power bank."",""is Harihar fort dangerous for climbing?"",""Yes, because of that slippery rock cut stairs, you have to be careful while climbing to Harihar fort.""]},""meta_description"":""Harihar Fort is a historic hill fort in Maharashtra, famous for its steep rock-cut steps, adventurous trek, and breathtaking views."",""source_content_evidence"":""evidence/old-site-pages.json: https://maharashtratouristplaces.in/nashik/trimbakeshwar/harihar-fort/""}","{""old_site_source"":""https://maharashtratouristplaces.in/nashik/trimbakeshwar/harihar-fort/"",""external_links"":[],""authority_verification"":""NOT_PERFORMED""}",YES,address;opening_hours;entry_fee;recommended_duration;best_time_to_visit;getting_there;railway_information;airport_information;access_rules_and_safety;review_counts_and_ratings;faq_operational_claims,OLD_SITE_UNVERIFIED,2026-10-03,"Old category groups it under Trimbakeshwar, but page locates trek starts in Harshewadi/Nirgudpada. Keep Destination null pending scope decision. Safety/access and monsoon advice require authority review. Inventory only. Blank fields mean not captured from this page, not verified absence. No import authorized.",HIGH_DISTRICT;DISTRICT_LEVEL,REVIEW_REQUIRED
C038,Shri Gajanan Maharaj Sansthan Trimbkeshwar - Maharashtra Tourist Places,Shri Gajanan Maharaj Sansthan Trimbakeshwar,https://maharashtratouristplaces.in/nashik/trimbakeshwar/shri-gajanan-maharaj-sansthan-trimbkeshwar/,https://maharashtratouristplaces.in/nashik/trimbakeshwar/shri-gajanan-maharaj-sansthan-trimbkeshwar/,200,CONTENT,PLACE,Nashik,nashik,Trimbakeshwar,trimbakeshwar,"Shri Gajanan Maharaj Sansthan, Trimbakeshwar",shri-gajanan-maharaj-sansthan-trimbakeshwar,/places/nashik/shri-gajanan-maharaj-sansthan-trimbakeshwar,"Old page location text + nested listing/URL. Evidence is proposed geography, not independently verified coordinates.",,,CREATE,"No match among 49 curated Places, 10 Stories, or local public catalogue. Check unpublished/Admin and production records before CREATE.",sacred-spiritual,Religious institution described at Trimbakeshwar.,"Shri Gajanan Maharaj Sansthan is situated at Trimbakeshwar in Nashik, where devotees can stay as well as experience the spiritual devotion program, like Aarti and bhajan of shri at the temple in Sansthan, and also the holy offering is managed for devotees by Sansthan, and it is 10 to 15 minutes walking distance from Trimbakeshwar Jyotirlinga Temple.
This Bhakt Niwas is dedicated to shri saint Gajanan Maharaj. The branch was started in 1995 for Devotees services and welfare in Trimbakeshwar.
If you are planning to visit in Trimbakeshwar, the Shri Gajanan Maharaj Sansthan is the best option to stay for Devotees.","Jawahar Road, Trimbak, Maharashtra 422212",Open daily : 24 hours,,,,"How to reach Shri Gajanan Maharaj Sansthan Trimbakeshwar? You can reach there at Shri Gajanan Maharaj Sansthan in Trimbakeshwar by your own car, taxi and Government buses. Train: Check the availability of train from your near railway station, and take a train to Nashik. Buses and taxis are easily available from the outside of Nashik Railway station to Trimbakeshwar. Flight: Check the availability of flight from your near airport and take a flight to Nashik International Airport. Taxies are Available from outside the Airport to Trimbakeshwar.","How to reach Shri Gajanan Maharaj Sansthan Trimbakeshwar? You can reach there at Shri Gajanan Maharaj Sansthan in Trimbakeshwar by your own car, taxi and Government buses. Train: Check the availability of train from your near railway station, and take a train to Nashik. Buses and taxis are easily available from the outside of Nashik Railway station to Trimbakeshwar. Flight: Check the availability of flight from your near airport and take a flight to Nashik International Airport. Taxies are Available from outside the Airport to Trimbakeshwar.
What is the Ticket charges of MSRTC ST bus from Nashik Railway station to Trimbakeshwar? Charges: 70 Rs/- Per person.","How to reach Shri Gajanan Maharaj Sansthan Trimbakeshwar? You can reach there at Shri Gajanan Maharaj Sansthan in Trimbakeshwar by your own car, taxi and Government buses. Train: Check the availability of train from your near railway station, and take a train to Nashik. Buses and taxis are easily available from the outside of Nashik Railway station to Trimbakeshwar. Flight: Check the availability of flight from your near airport and take a flight to Nashik International Airport. Taxies are Available from outside the Airport to Trimbakeshwar.
Nashik to Shri Gajanan Maharaj Sansthan Trimbakeshwar distance? 28 KM from Airport
Nashik International Airport to Shri Gajanan Maharaj Sansthan Trimbakeshwar distance? 49 KM","[{""question"":""How to reach Shri Gajanan Maharaj Sansthan Trimbakeshwar?"",""answer"":""You can reach there at Shri Gajanan Maharaj Sansthan in Trimbakeshwar by your own car, taxi and Government buses. Train: Check the availability of train from your near railway station, and take a train to Nashik. Buses and taxis are easily available from the outside of Nashik Railway station to Trimbakeshwar. Flight: Check the availability of flight from your near airport and take a flight to Nashik International Airport. Taxies are Available from outside the Airport to Trimbakeshwar.""},{""question"":""Nashik to Shri Gajanan Maharaj Sansthan Trimbakeshwar distance?"",""answer"":""28 KM from Airport""},{""question"":""Nashik International Airport to Shri Gajanan Maharaj Sansthan Trimbakeshwar distance?"",""answer"":""49 KM""},{""question"":""Which bus stand do I use to go to Shri Gajanan Maharaj Sansthan Trimbakeshwar?"",""answer"":""Old CBS Bus stand / MSRTC – Nashik Road Bus Stand.""},{""question"":""What is the Ticket charges of MSRTC ST bus from Nashik Railway station to Trimbakeshwar?"",""answer"":""Charges: 70 Rs/- Per person.""},{""question"":""Where to book the Room in Shri Gajanan Maharaj Sansthan Trimbakeshwari?"",""answer"":""Bhakta Niwas No. 1""},{""question"":""What is the charges of dormitory bed in Shri Gajanan Maharaj Sansthan Trimbakeshwar?"",""answer"":""60 RS /- Per Bed""},{""question"":""What is the AC and Non AC charges in Shri Gajanan Maharaj Sansthan Trimbakeshwar?"",""answer"":""Non Ac Room starting price 350 Rs/- AC Room starting from 800 Rs/-""},{""question"":""Can we make online booking  of Shri Gajanan Maharaj Sansthan Trimbakeshwar?"",""answer"":""No, You can’t, Because  Online booking is not available by Sansthan, you have to visit In sansthan for the booking.""},{""question"":""What is the breakfast timing in Shri Gajanan Maharaj Sansthan Trimbakeshwar?"",""answer"":""Breakfast : 5.30 to 10.30 Lunch: 5.30 to 10.30 Dinner : 6.30 to 9.30""}]",10,10,"{""sections"":{""SHRI GAJANAN MAHARAJ SANSTHAN TRIMBAKESHWAR"":[""Shri Gajanan Maharaj Sansthan is located at Trimbakeshwar in Nashik Maharashtra""],""ABOUT"":[""Shri Gajanan Maharaj Sansthan is situated at Trimbakeshwar in Nashik, where devotees can stay as well as experience the spiritual devotion program, like Aarti and bhajan of shri at the temple in Sansthan, and also the holy offering is managed for devotees by Sansthan, and it is 10 to 15 minutes walking distance from Trimbakeshwar Jyotirlinga Temple."",""This Bhakt Niwas is dedicated to shri saint Gajanan Maharaj. The branch was started in 1995 for Devotees services and welfare in Trimbakeshwar."",""If you are planning to visit in Trimbakeshwar, the Shri Gajanan Maharaj Sansthan is the best option to stay for Devotees.""],""TIMINGS"":[""Open daily : 24 hours""],""ADDRESS"":[""Jawahar Road, Trimbak, Maharashtra 422212""],""FAQ"":[""How to reach Shri Gajanan Maharaj Sansthan Trimbakeshwar?"",""You can reach there at Shri Gajanan Maharaj Sansthan in Trimbakeshwar by your own car, taxi and Government buses."",""Train: Check the availability of train from your near railway station, and take a train to Nashik. Buses and taxis are easily available from the outside of Nashik Railway station to Trimbakeshwar."",""Flight: Check the availability of flight from your near airport and take a flight to Nashik International Airport. Taxies are Available from outside the Airport to Trimbakeshwar."",""Nashik to Shri Gajanan Maharaj Sansthan Trimbakeshwar distance?"",""28 KM from Airport"",""Nashik International Airport to Shri Gajanan Maharaj Sansthan Trimbakeshwar distance?"",""49 KM"",""Which bus stand do I use to go to Shri Gajanan Maharaj Sansthan Trimbakeshwar?"",""Old CBS Bus stand / MSRTC – Nashik Road Bus Stand."",""What is the Ticket charges of MSRTC ST bus from Nashik Railway station to Trimbakeshwar?"",""Charges: 70 Rs/- Per person."",""Where to book the Room in Shri Gajanan Maharaj Sansthan Trimbakeshwari?"",""Bhakta Niwas No. 1"",""What is the charges of dormitory bed in Shri Gajanan Maharaj Sansthan Trimbakeshwar?"",""60 RS /- Per Bed"",""What is the AC and Non AC charges in Shri Gajanan Maharaj Sansthan Trimbakeshwar?"",""Non Ac Room starting price 350 Rs/-"",""AC Room starting from 800 Rs/-"",""Can we make online booking  of Shri Gajanan Maharaj Sansthan Trimbakeshwar?"",""No, You can’t, Because  Online booking is not available by Sansthan, you have to visit In sansthan for the booking."",""What is the breakfast timing in Shri Gajanan Maharaj Sansthan Trimbakeshwar?"",""Breakfast : 5.30 to 10.30"",""Lunch: 5.30 to 10.30"",""Dinner : 6.30 to 9.30""]},""meta_description"":""Shri Gajanan Maharaj Sansthan Trimbakeshwar is a spiritual place near the Trimbakeshwar Temple, dedicated to Shri Gajanan Maharaj."",""source_content_evidence"":""evidence/old-site-pages.json: https://maharashtratouristplaces.in/nashik/trimbakeshwar/shri-gajanan-maharaj-sansthan-trimbkeshwar/""}","{""old_site_source"":""https://maharashtratouristplaces.in/nashik/trimbakeshwar/shri-gajanan-maharaj-sansthan-trimbkeshwar/"",""external_links"":[],""authority_verification"":""NOT_PERFORMED""}",YES,address;opening_hours;getting_there;railway_information;airport_information;access_rules_and_safety;review_counts_and_ratings;faq_operational_claims,OLD_SITE_UNVERIFIED,2026-10-03,"Distinct from Gajanan Maharaj WCL Umred site. Do not import lodging tariffs, room booking, or meals as hotel inventory. Inventory only. Blank fields mean not captured from this page, not verified absence. No import authorized.",HIGH_DISTRICT;PROPOSED_DESTINATION,REVIEW_REQUIRED
C039,Trimbakeshwar Jyotirlinga Temple - Maharashtra Tourist Places,Shree Trimbakeshwar Jyotirlinga,https://maharashtratouristplaces.in/nashik/trimbakeshwar/trimbakeshwar-jyotirlinga-temple/,https://maharashtratouristplaces.in/nashik/trimbakeshwar/trimbakeshwar-jyotirlinga-temple/,200,CONTENT,PLACE,Nashik,nashik,Trimbakeshwar,trimbakeshwar,Trimbakeshwar Temple,trimbakeshwar-temple,/places/nashik/trimbakeshwar-temple,"Old page location text + nested listing/URL. Evidence is proposed geography, not independently verified coordinates.",Trimbakeshwar Temple,backend/app/data/places/sacred_spiritual.py; repository dataset + local public API,ENRICH_EXISTING,Existing canonical identity. Field-level additive enrichment requires Admin ownership/version review; preserve curated content and slug.,sacred-spiritual,"Shiva pilgrimage temple in Trimbak, Nashik district.","Shree Trimbakeshwar Jyotirlinga Temple is a very famous Mandir and nestled in the foothills of the Brahmagiri Mountains. This is one of the 12 jyotirlingas in India which is dedicated to Tridev, Lord Bramha, Vishnu and Mahesh. The jyotirlinga is crowned by jewels from the times of the pandavs. There are 3 faces of lingams in a circular pit, and it is located at Trimbak town in Nashik of Maharashtra. Trimbak is a town as well as a tehsil too. It is an ancient Hindu pilgrim place, and is situated at the source of the Godavari River, which is one of the holiest rivers in India.
This temple was present from the period of the Satavahana dynasty and later re-constructed in the place of the old temple in the 18th century (1740-1760) by Peshwa Balaji Baji Rao (also known as Nana Saheb).
The temple is built in the Hemadpanti architectural style, characterized by complex carvings, sculptures and decorative design and patterns made of black stone to enhance the beauty of the temple, and is also known as the Black Stone Temple. The temple holds huge religious significance in the heart of Hindus. You can also visit the Harihar fort nearby, 14.9 km from the Trimbkeshwar temple.","Trimbak, Nahsik Maharashtra 422212",Open daily from 5:30 AM to 9:00 PM,,,,"How to reach Shree Trimbakeshwar Jyotirlinga​? You can reach by your own car, Taxi , Bus or you can also take train from your Near Railway station to Nashik. Taxi and buses are available from Nashik railway station to Trimbakeshwar.","How to reach Shree Trimbakeshwar Jyotirlinga​? You can reach by your own car, Taxi , Bus or you can also take train from your Near Railway station to Nashik. Taxi and buses are available from Nashik railway station to Trimbakeshwar.
What is the Ticket charges of bus from Nashik Railway station to Trimbakeshwar? Charges : 70 Rs/- Per person. It take 1 hour 30 Minute to Reach There",,"[{""question"":""what is the distance from Nashik to Trimbakeshwar?"",""answer"":""30 kilometers""},{""question"":""How to reach Shree Trimbakeshwar Jyotirlinga​?"",""answer"":""You can reach by your own car, Taxi , Bus or you can also take train from your Near Railway station to Nashik. Taxi and buses are available from Nashik railway station to Trimbakeshwar.""},{""question"":""Which bus stand do I use to go to Trimbakeshwar?"",""answer"":""You need to use: Old CBS Bus stand / MSRTC – Nashik Road Bus Stand.""},{""question"":""What is the Ticket charges of bus from Nashik Railway station to Trimbakeshwar?"",""answer"":""Charges : 70 Rs/- Per person. It take 1 hour 30 Minute to Reach There""},{""question"":""is there stay facilities available Trimbkeshwar?"",""answer"":""Yes, There are lots of hotels available for stay and you can also stay in “Shri Gajanan Maharaj Sansthan, Trimbkeshwar”.""}]",5,5,"{""sections"":{""SHREE TRIMBAKESHWAR JYOTIRLINGA"":[""Shree Trimbakeshwar Jyotirlinga Temple is located at Trimbak in Nashik of Maharashtra""],""ABOUT"":[""Shree Trimbakeshwar Jyotirlinga Temple is a very famous Mandir and nestled in the foothills of the Brahmagiri Mountains. This is one of the 12 jyotirlingas in India which is dedicated to Tridev, Lord Bramha, Vishnu and Mahesh. The jyotirlinga is crowned by jewels from the times of the pandavs. There are 3 faces of lingams in a circular pit, and it is located at Trimbak town in Nashik of Maharashtra. Trimbak is a town as well as a tehsil too. It is an ancient Hindu pilgrim place, and is situated at the source of the Godavari River, which is one of the holiest rivers in India."",""This temple was present from the period of the Satavahana dynasty and later re-constructed in the place of the old temple in the 18th century (1740-1760) by Peshwa Balaji Baji Rao (also known as Nana Saheb)."",""The temple is built in the Hemadpanti architectural style, characterized by complex carvings, sculptures and decorative design and patterns made of black stone to enhance the beauty of the temple, and is also known as the Black Stone Temple. The temple holds huge religious significance in the heart of Hindus. You can also visit the Harihar fort nearby, 14.9 km from the Trimbkeshwar temple.""],""DARSHAN TIMINGS"":[""Open daily from 5:30 AM to 9:00 PM""],""ADDRESS"":[""Trimbak, Nahsik Maharashtra 422212""],""FAQ"":[""what is the distance from Nashik to Trimbakeshwar?"",""30 kilometers"",""How to reach Shree Trimbakeshwar Jyotirlinga​?"",""You can reach by your own car, Taxi , Bus or you can also take train from your Near Railway station to Nashik."",""Taxi and buses are available from Nashik railway station to Trimbakeshwar."",""Which bus stand do I use to go to Trimbakeshwar?"",""You need to use: Old CBS Bus stand / MSRTC – Nashik Road Bus Stand."",""What is the Ticket charges of bus from Nashik Railway station to Trimbakeshwar?"",""Charges : 70 Rs/- Per person."",""It take 1 hour 30 Minute to Reach There"",""is there stay facilities available Trimbkeshwar?"",""Yes, There are lots of hotels available for stay and you can also stay in “Shri Gajanan Maharaj Sansthan, Trimbkeshwar”.""]},""meta_description"":""Sacred Shiva temple as known Shree Trimbakeshwar Jyotirlinga is located at Trimbak in Nashik, It is one of the 12 Jyotirlingas."",""source_content_evidence"":""evidence/old-site-pages.json: https://maharashtratouristplaces.in/nashik/trimbakeshwar/trimbakeshwar-jyotirlinga-temple/""}","{""old_site_source"":""https://maharashtratouristplaces.in/nashik/trimbakeshwar/trimbakeshwar-jyotirlinga-temple/"",""external_links"":[],""authority_verification"":""NOT_PERFORMED""}",YES,address;opening_hours;getting_there;railway_information;access_rules_and_safety;review_counts_and_ratings;faq_operational_claims,OLD_SITE_UNVERIFIED,2026-10-03,"Trimbakeshwar/Jyotirlinga/Trimbkeshwar are aliases. Preserve curated slug and descriptions; verify temple-access rules separately. Inventory only. Blank fields mean not captured from this page, not verified absence. No import authorized.",HIGH_DISTRICT;PROPOSED_DESTINATION,REVIEW_REQUIRED
C040,Policy - Maharashtra Tourist Places,Privacy Policy,https://maharashtratouristplaces.in/policy/,https://maharashtratouristplaces.in/policy/,200,CONTENT,OTHER / REVIEW REQUIRED,,,,,,,,,,,SKIP,,,,,,,,,,,,,[],0,0,"{""sections"":{""PRIVACY POLICY"":[""Welcome to MaharashtraTouristPlaces.in (“Website”, “we”, “us”, “our”). This policy is about the how we collect your personal information when you use our site. your privacy is our first priority.""],""HOW WE COLLECT YOUR DATA:"":[""Personal data : Your data is collected as a name , email , IP Address by us when you leave any comments or message in the contact box."",""Usage of Data : automatically collected data about your interactions with our website (e.g., pages visited, timestamp, device/browser used), often via cookies or analytics tools.""],""HOW WE USE THE DATA:"":[""We use it to improve the user experience and increase the performance of website, as well as for fix technical problems and content, and it is also used to update you about the new places by email, and for security purpose of website.""],""COOKIES:"":[""We use the cookies and third-party services like a Google Analytics to understand how people interact with our site, and You can also control and disable cookies through your browser settings.""],""THIRD PARTY LINKS:"":[""Our website may include links to external sites (e.g. hotels, travel services). Visiting those sites may involve data collection under their own policies. We encourage you to review those privacy policies.""],""DATA SECURITY:"":[""We do not share any personal data to third Party websites; your data will be 100% secure and Safe.""],""GOOGLE POLICIES:"":[""https://policies.google.com/technologies/ads""],""CHANGES TO THIS POLICY:"":[""We may update this Privacy Policy occasionally. The effective date at the top will be revised, and significant changes will be announced on our site.""]},""meta_description"":"""",""source_content_evidence"":""evidence/old-site-pages.json: https://maharashtratouristplaces.in/policy/""}","{""old_site_source"":""https://maharashtratouristplaces.in/policy/"",""external_links"":[""https://policies.google.com/technologies/ads""],""authority_verification"":""NOT_PERFORMED""}",NO_STRUCTURED_CLAIMS_CAPTURED,,OLD_SITE_UNVERIFIED,2026-10-03,Utility/about/legal/contact page. Separate editorial/legal review if ever needed; no tourism entity or policy replacement proposed.,NOT_APPLICABLE,SKIP
C041,Pune - Maharashtra Tourist Places,,https://maharashtratouristplaces.in/pune/,https://maharashtratouristplaces.in/pune/,200,EMPTY_PLACEHOLDER,OTHER / REVIEW REQUIRED,Pune,pune,,,Pune,,,,Pune,backend/app/data/maharashtra.py,SKIP,,,,,,,,,,,,,[],0,0,"{""sections"":{},""meta_description"":""Discover top tourist attractions in Pune, from iconic forts and spiritual temples to beautiful gardens, museums, and family-friendly destinations."",""source_content_evidence"":""evidence/old-site-pages.json: https://maharashtratouristplaces.in/pune/""}","{""old_site_source"":""https://maharashtratouristplaces.in/pune/"",""external_links"":[],""authority_verification"":""NOT_PERFORMED""}",NO_STRUCTURED_CLAIMS_CAPTURED,,OLD_SITE_UNVERIFIED,2026-10-03,Empty old placeholder. Reuse existing District if future content is supplied; no entity/content import proposed.,NOT_APPLICABLE,EMPTY_PLACEHOLDER
C042,Temples - Maharashtra Tourist Places,Temples,https://maharashtratouristplaces.in/temples/,https://maharashtratouristplaces.in/temples/,200,CONTENT,OTHER / REVIEW REQUIRED,,,,,,,/explore/sacred-spiritual,,,,SKIP,,sacred-spiritual,"Existing category/discovery listing, not a new entity.",,,,,,,,,,"[{""question"":""What information is available on this Temples in Maharashtra page?"",""answer"":""This page has features a collection of famous temples in Maharashtra, including images, temple names, and links to detailed information about each temple.""},{""question"":""How can I find a temple on this page?"",""answer"":""You can browse the temple gallery and click on any temple image or title to access detailed information about that specific temple.""},{""question"":""3. Does this page include temples from all regions of Maharashtra?"",""answer"":""Yes, this page showcases temples from various districts and regions across Maharashtra, helping visitors discover important religious destinations throughout the state.""},{""question"":""Can I access detailed information about each temple?"",""answer"":""Yes, every temple is  listed on this page links to a dedicated page containing information such as history, significance, location, timings, and visitor details.""},{""question"":""Is this page useful for planning a temple tour in Maharashtra?"",""answer"":""Yes, the page helps travelers and devotees explore multiple temples in one place, making it easier to plan a spiritual or pilgrimage journey.""},{""question"":""Are temple images available on this page?"",""answer"":""Yes, the page includes a gallery of temple images that helps visitors visually explore famous temples in Maharashtra.""},{""question"":""Is the temple information regularly updated?"",""answer"":""The website aims to keep temple listings and related information updated to help visitors access accurate details.""},{""question"":""Does this page include ancient and historical temples?"",""answer"":""Yes, the gallery features a variety of temples, including ancient, historical, and culturally significant temples from Maharashtra.""}]",8,8,"{""sections"":{""TEMPLES"":[""All the famous and popular temples are here to visit In Maharashtra."",""VERUL VILLAGE"",""Trimbakeshwar"",""KHULDABAD"",""Nagpur"",""Umred""],""FAQ"":[""What information is available on this Temples in Maharashtra page?"",""This page has features a collection of famous temples in Maharashtra, including images, temple names, and links to detailed information about each temple."",""How can I find a temple on this page?"",""You can browse the temple gallery and click on any temple image or title to access detailed information about that specific temple."",""3. Does this page include temples from all regions of Maharashtra?"",""Yes, this page showcases temples from various districts and regions across Maharashtra, helping visitors discover important religious destinations throughout the state."",""Can I access detailed information about each temple?"",""Yes, every temple is  listed on this page links to a dedicated page containing information such as history, significance, location, timings, and visitor details."",""Is this page useful for planning a temple tour in Maharashtra?"",""Yes, the page helps travelers and devotees explore multiple temples in one place, making it easier to plan a spiritual or pilgrimage journey."",""Are temple images available on this page?"",""Yes, the page includes a gallery of temple images that helps visitors visually explore famous temples in Maharashtra."",""Is the temple information regularly updated?"",""The website aims to keep temple listings and related information updated to help visitors access accurate details."",""Does this page include ancient and historical temples?"",""Yes, the gallery features a variety of temples, including ancient, historical, and culturally significant temples from Maharashtra.""]},""meta_description"":""All the Famous and popular Temples are here to visit in Maharashtra. Find and start journey to go there for the blessings and spiritual peace."",""source_content_evidence"":""evidence/old-site-pages.json: https://maharashtratouristplaces.in/temples/""}","{""old_site_source"":""https://maharashtratouristplaces.in/temples/"",""external_links"":[],""authority_verification"":""NOT_PERFORMED""}",NO_STRUCTURED_CLAIMS_CAPTURED,,OLD_SITE_UNVERIFIED,2026-10-03,Reuse canonical Interest route or destination directory. Preserve relevant attraction links in inventory; generic listing FAQs need editorial review and do not become a new Story or taxonomy.,NOT_APPLICABLE,SKIP
C043,Terms - Maharashtra Tourist Places,Terms & Conditions,https://maharashtratouristplaces.in/terms/,https://maharashtratouristplaces.in/terms/,200,CONTENT,OTHER / REVIEW REQUIRED,,,,,,,,,,,SKIP,,,,,,,,,,,,,[],0,0,"{""sections"":{""TERMS & CONDITIONS"":[""Welcome to maharashtratouristplaces.in . While using this website, if you are agreeing to follow the rules of this, so please stay here, otherwise don’t use this website.""],""WHAT IS THIS WEBSITE FOR:"":[""This website’s purpose is to give information about the tourist places of Maharashtra, where people can easily find and visit the locations. All the content on this site is just for sharing information, not for any advice and Online booking.""],""CONTENT:"":[""All the things on the website, like a photos , videos , t ext content from us. We have all the rights of these.""],""THESE ARE ALLOWED:"":[""You can read the content & enjoy it."",""You can easily share the site with others in WhatsApp, Facebook. (Credit is Important)."",""You can use for personal purpose, not for commercial.""],""THESE ARE NOT ALLOWED:"":[""You can’t upload any content from this site to another website."",""You can’t change the content and share it as your own.""],""LINKING OTHER WEBSITES:"":[""We add links to other websites in our website. Those are just for helping. We are not responsible for their content. That is your own responsibility whenever you will visit third party sites.""],""NO GUARANTEES:"":[""Although we try to keep the 100% information correct and updated, yet we can’t make any promises that everything is accurate or complete. Some things, like a details or timing may change. Always check and confirm the details from official sources before planning your trip.""],""TERM CHANGES:"":[""We might update these terms in the future. If we make any changes in the future, will update the date up."",""I hope you will get here what you need.""]},""meta_description"":"""",""source_content_evidence"":""evidence/old-site-pages.json: https://maharashtratouristplaces.in/terms/""}","{""old_site_source"":""https://maharashtratouristplaces.in/terms/"",""external_links"":[],""authority_verification"":""NOT_PERFORMED""}",NO_STRUCTURED_CLAIMS_CAPTURED,,OLD_SITE_UNVERIFIED,2026-10-03,Utility/about/legal/contact page. Separate editorial/legal review if ever needed; no tourism entity or policy replacement proposed.,NOT_APPLICABLE,SKIP
C044,Wardha - Maharashtra Tourist Places,,https://maharashtratouristplaces.in/wardha/,https://maharashtratouristplaces.in/wardha/,200,EMPTY_PLACEHOLDER,OTHER / REVIEW REQUIRED,Wardha,wardha,,,Wardha,,,,Wardha,backend/app/data/maharashtra.py,SKIP,,,,,,,,,,,,,[],0,0,"{""sections"":{},""meta_description"":""Find the best location at Wardha in Maharashtra to start travel."",""source_content_evidence"":""evidence/old-site-pages.json: https://maharashtratouristplaces.in/wardha/""}","{""old_site_source"":""https://maharashtratouristplaces.in/wardha/"",""external_links"":[],""authority_verification"":""NOT_PERFORMED""}",NO_STRUCTURED_CLAIMS_CAPTURED,,OLD_SITE_UNVERIFIED,2026-10-03,Empty old placeholder. Reuse existing District if future content is supplied; no entity/content import proposed.,NOT_APPLICABLE,EMPTY_PLACEHOLDER
